Sr_No,Location_Coordinates,Location,Hospital_Name,Address_Original_First_Line,State,District,Subdistrict,Pincode,Mobile_Number,Emergency_Num,Ambulance_Phone_No,Bloodbank_Phone_No,Foreign_pcare,Tollfree,Helpline,Hospital_Fax,Hospital_Primary_Email_Id,Hospital_Secondary_Email_Id,Website,Specialties,Facilities,Accreditation,Hospital_Regis_Number,Registeration_Number_Scan,Nodal_Person_Info,Nodal_Person_Tele,Nodal_Person_Email_Id,Town,Subtown,Village,Establised_Year,Ayush,Miscellaneous_Facilities,Number_Doctor,Num_Mediconsultant_or_Expert,Total_Num_Beds,Number_Private_Wards,Num_Bed_for_Eco_Weaker_Sec,Empanelment_or_Collaboration_with,Emergency_Services,Tariff_Range,State_ID,District_ID
23726,,"No.22/2, Esi Hospital Road",Abhijay Hospital (P) Ltd,"No.22/2, Esi Hospital Road",Tamil Nadu,Chennai,0,600001,0,0,0,0,0,0,0,0,0,0,0,0,0,0,0,0,0,0,0,0,0,0,0,0,0,0,0,0,0,0,0,0,0,33,603
23727,,Mint Street,Apollo City Center,Mint Street,Tamil Nadu,Chennai,0,600001,0,0,0,0,0,0,0,0,0,0,0,0,0,0,0,0,0,0,0,0,0,0,0,0,0,0,0,0,0,0,0,0,0,33,603
23728,,"57, Portuguese, Church St",Dr D Mohamed Kizhar Irshath Nursing Home,"57, Portuguese, Church St",Tamil Nadu,Chennai,0,600001,0,0,0,0,0,0,0,0,0,0,0,0,0,0,0,0,0,0,0,0,0,0,0,0,0,0,0,0,0,0,0,0,0,33,603
23729,,"No.4,2Nd Street",Dr.E.V.Kalyani Medical Foundation,"No.4,2Nd Street",Tamil Nadu,Chennai,0,600001,0,0,0,0,0,0,0,0,0,0,0,0,0,0,0,0,0,0,0,0,0,0,0,0,0,0,0,0,0,0,0,0,0,33,603
23730,,"12, Jaffer Serang St,Ii Line Beach Road,.",Dr.Kamakshi National Hospital,"# 12, Jaffer Serang St,Ii Line Beach Road",Tamil Nadu,Chennai,0,600001,0,0,0,0,0,0,0,25223373,0,0,0,0,0,0,0,0,0,0,0,0,0,0,0,0,0,0,0,0,0,0,0,0,0,33,603
23731,,"No,18,Nowroji Road",Dr.Manju Kulkarni Hospital,"No,18,Nowroji Road",Tamil Nadu,Chennai,0,600001,0,0,0,0,0,0,0,0,0,0,0,0,0,0,0,0,0,0,0,0,0,0,0,0,0,0,0,0,0,0,0,0,0,33,603
23732,,"453 And 454, R.K. Shanmugam Salai, K.K. Nagar",K M Speciality Hospital,"453 And 454, R.K. Shanmugam Salai , K.K. Nagar",Tamil Nadu,Chennai,0,600001,0,0,0,0,0,0,0,0,0,0,0,0,0,0,0,0,0,0,0,0,0,0,0,0,0,0,0,0,0,0,0,0,0,33,603
23733,,A-1 Srinivasapuram Thiruvanmiyur,R.M. Hospital,A-1 Srinivasapuram Thiruvanmiyur,Tamil Nadu,Chennai,0,600001,0,0,0,0,0,0,0,0,0,0,0,0,0,0,0,0,0,0,0,0,0,0,0,0,0,0,0,0,0,0,0,0,0,33,603
23734,,"No. 13, 7Th Street,Nanganallur",Rotary Central Margaret Sidney Hospital,"No. 13, 7Th Street,Nanganallur",Tamil Nadu,Chennai,0,600001,0,0,0,0,0,0,0,"22322664, 22325466",0,0,0,0,0,0,0,0,0,0,0,0,0,0,0,0,0,0,0,0,0,0,0,0,0,33,603
23735,,"74, Thambu Chetty Street, Mannady",S S Eye Hospital,"74, Thambu Chetty Street, Mannady",Tamil Nadu,Chennai,0,600001,0,0,0,0,0,0,0,0,0,0,0,0,0,0,0,0,0,0,0,0,0,0,0,0,0,0,0,0,0,0,0,0,0,33,603
23736,,"29, 7Th Avenue, Ashok Nagar, Next To Titan Showroom",Shri Saai Krs Hospitals,"29, 7Th Avenue, Ashok Nagar, Next To Titan Showroom",Tamil Nadu,Chennai,0,600001,0,0,0,0,0,0,0,0,0,0,0,0,0,0,0,0,0,0,0,0,0,0,0,0,0,0,0,0,0,0,0,0,0,33,603
23737,,"Porur, Chennai-600116",Sree Ramachandra Medical Center,"Porur, Chennai-600116",Tamil Nadu,Chennai,0,600001,0,0,0,0,0,0,0,0,0,0,0,0,0,0,0,0,0,0,0,0,0,0,0,0,0,0,0,0,0,0,0,0,0,33,603
23738,,"12, First Main Road Kasturba Nagar Adyar",Sri Kalyan Hospital,"12, First Main Road Kasturba Nagar Adyar",Tamil Nadu,Chennai,0,600001,0,0,0,0,0,0,0,0,0,0,0,0,0,0,0,0,0,0,0,0,0,0,0,0,0,0,0,0,0,0,0,0,0,33,603
23739,,"No.2, Jawaharlal Street, New Perungalathur",Sri Kamatchi Nursing Home,"No.2, Jawaharlal Street, New Perungalathur",Tamil Nadu,Chennai,0,600001,0,0,0,0,0,0,0,044  22790621,0,0,0,0,0,0,0,0,0,0,0,0,0,0,0,0,0,0,0,0,0,0,0,0,0,33,603
23740,,"No. 3A, Baroda Street, West Mambalam, T Nagar",Sri Meenakshi Nursing Home,"No. 3A, Baroda Street, West Mambalam, T Nagar",Tamil Nadu,Chennai,0,600001,0,0,0,0,0,0,0,4424816040,0,0,0,0,0,0,0,0,0,0,0,0,0,0,0,0,0,0,0,0,0,0,0,0,0,33,603
23741,,"11, Gopalakrishna Street, T Nagar",Sri Ramana Eye Center,"11, Gopalakrishna Street, T Nagar",Tamil Nadu,Chennai,0,600001,0,0,0,0,0,0,0,0,0,0,0,0,0,0,0,0,0,0,0,0,0,0,0,0,0,0,0,0,0,0,0,0,0,33,603
23742,,Old No 158 (New No 174) Govindappa Naick Street,The Arya Vysya Meternity Home and Child Welfare Centre,Old No 158 (New No 174) Govindappa Naick Street,Tamil Nadu,Chennai,0,600001,0,0,0,0,0,0,0,0,0,0,0,0,0,0,0,0,0,0,0,0,0,0,0,0,0,0,0,0,0,0,0,0,0,33,603
23743,,"320, Mount Road",Apollo Speciality Hospital,"320, Mount Road",Tamil Nadu,Chennai,0,600002,0,0,0,0,0,0,0,0,0,0,0,0,0,0,0,0,0,0,0,0,0,0,0,0,0,0,0,0,0,0,0,0,0,33,603
23744,,"3/2,Appavood Street",Lister Nursing Home,"#3/2,Appavood Street",Tamil Nadu,Chennai,0,600002,0,0,0,0,0,0,0,0,0,0,0,0,0,0,0,0,0,0,0,0,0,0,0,0,0,0,0,0,0,0,0,0,0,33,603
23745,,"19/10, Thayar Street, Mount Road",Mysaan Hospital,"19/10, Thayar Street, Mount Road",Tamil Nadu,Chennai,0,600002,0,0,0,0,0,0,0,0,0,0,0,0,0,0,0,0,0,0,0,0,0,0,0,0,0,0,0,0,0,0,0,0,0,33,603
23746,,"138/2 L B Road,Thiruvanmiyur",Ponraj Eye Clinic,"138/2 L B Road,Thiruvanmiyur",Tamil Nadu,Chennai,0,600002,0,0,0,0,0,0,0,0,0,0,0,0,0,0,0,0,0,0,0,0,0,0,0,0,0,0,0,0,0,0,0,0,0,33,603
23747,,"No.2/614""A"",Philios Street,Neelangarai,",Sahishnatha Indtitute Of Maternal And Child Haelth,"No.2/614""A"",Philios Street,Neelangarai",Tamil Nadu,Chennai,0,600002,0,0,0,0,0,0,0,0,0,0,0,0,0,0,0,0,0,0,0,0,0,0,0,0,0,0,0,0,0,0,0,0,0,33,603
23748,,"Mudholkar Peth, Near Garden, Opp Potode Marvati",Aashirwad Maternity and Child Care Research Institut,"Mudholkar Peth, Near Garden, Opp Potode Marvati",Tamil Nadu,Chennai,0,600003,0,0,0,0,0,0,0,0,0,0,0,0,0,0,0,0,0,0,0,0,0,0,0,0,0,0,0,0,0,0,0,0,0,33,603
23749,,Government General Hospital,Government General Hospital,Government General Hospital,Tamil Nadu,Chennai,0,600003,0,0,0,0,0,0,0,0,0,0,0,0,0,0,0,0,0,0,0,0,0,0,0,0,0,0,0,0,0,0,0,0,0,33,603
23750,,"22-23-24,Ranganathan Nagar,Selaiyur",Janani Nursing Home Pvt Ltd,"#22-23-24,Ranganathan Nagar,Selaiyur",Tamil Nadu,Chennai,0,600003,0,0,0,0,0,0,0,22294849,0,0,0,0,0,0,0,0,0,0,0,0,0,0,0,0,0,0,0,0,0,0,0,0,0,33,603
23751,,"No:106, R.K.Mutt Road, Mylapore",Ag Eye Care Hospital,"No:106, R.K.Mutt Road, Mylapore",Tamil Nadu,Chennai,0,600004,0,0,0,0,0,0,0,0,0,0,0,0,0,0,0,0,0,0,0,0,0,0,0,0,0,0,0,0,0,0,0,0,0,33,603
23752,,"3, P S Sivasami Salai Mylapore",Avm Medical Ent Research Foundation Pvt Ltd,"3, P S Sivasami Salai Mylapore",Tamil Nadu,Chennai,0,600004,0,0,0,0,0,0,0,0,0,0,0,0,0,0,0,0,0,0,0,0,0,0,0,0,0,0,0,0,0,0,0,0,0,33,603
23753,,"148, Luz Church Road Mylapore",Chennai Meenakshi Multispeciality Hospital Ltd,"148, Luz Church Road Mylapore",Tamil Nadu,Chennai,0,600004,0,0,0,0,0,0,0,0,0,0,0,0,0,0,0,0,0,0,0,0,0,0,0,0,0,0,0,0,0,0,0,0,0,33,603
23754,,"15, Dr. Radhakrishnan Salai, Mylapore",Csi Kalyani General Hospital,"# 15, Dr. Radhakrishnan Salai, Mylapore",Tamil Nadu,Chennai,0,600004,0,0,0,0,0,0,0,044  28475870,0,0,0,0,0,0,0,0,0,0,0,0,0,0,0,0,0,0,0,0,0,0,0,0,0,33,603
23755,,"148, Luz Church Road Mylapore",Devaki Hospital Ltd,"148, Luz Church Road Mylapore",Tamil Nadu,Chennai,0,600004,0,0,0,0,0,0,0,0,0,0,0,0,0,0,0,0,0,0,0,0,0,0,0,0,0,0,0,0,0,0,0,0,0,33,603
23756,,No. 03 2Nd Link Street. Cit Colony,Dr. K Ravi Eye Care,No. 03 2Nd Link Street. Cit Colony,Tamil Nadu,Chennai,0,600004,0,0,0,0,0,0,0,0,0,0,0,0,0,0,0,0,0,0,0,0,0,0,0,0,0,0,0,0,0,0,0,0,0,33,603
23757,,4Second Street Dr Radhakrishnan Road Mylapore,E V Kalyani Medical Centre,4Second Street Dr Radhakrishnan Road Mylapore,Tamil Nadu,Chennai,0,600004,0,0,0,0,0,0,0,0,0,0,0,0,0,0,0,0,0,0,0,0,0,0,0,0,0,0,0,0,0,0,0,0,0,33,603
23758,,"No. 23, Arulanandam Street, Santhome, Mylapore.",Fathimah Eye Clinic,"No. 23, Arulanandam Street, Santhome",Tamil Nadu,Chennai,0,600004,0,0,0,0,0,0,0,0,0,0,0,0,0,0,0,0,0,0,0,0,0,0,0,0,0,0,0,0,0,0,0,0,0,33,603
23759,,"120/113, Perambur Barracks Road, Purasawalkam",G K M Hospital Pvt Ltd,"120/113, Perambur Barracks Road, Purasawalkam",Tamil Nadu,Chennai,0,600004,0,0,0,0,0,0,0,044  43903344,0,0,0,0,0,0,0,0,0,0,0,0,0,0,0,0,0,0,0,0,0,0,0,0,0,33,603
23760,,"119, Shanmugam Road, West Tambaram,",Kasthuri Hospital,"119, Shanmugam Road, West Tambaram",Tamil Nadu,Chennai,0,600004,0,0,0,0,0,0,0,0,0,0,0,0,0,0,0,0,0,0,0,0,0,0,0,0,0,0,0,0,0,0,0,0,0,33,603
23761,,"No.199/90, Mbc Towers,",Kauvery Hospital (Unit Of Sri Kavery Medical Care (Trichy) Ltd.),"No.199/90, Mbc Towers",Tamil Nadu,Chennai,0,600004,0,0,0,0,0,0,0,0,0,0,0,0,0,0,0,0,0,0,0,0,0,0,0,0,0,0,0,0,0,0,0,0,0,33,603
23762,,"15, P.S.Sivasamy Salai, Off Dr.Radhakrishnan Raod) Mylapore,",Madras Ent Research Foundation,"15, P.S.Sivasamy Salai, Off Dr.Radhakrishnan Raod) Mylapore",Tamil Nadu,Chennai,0,600004,0,0,0,0,0,0,0,0,0,0,0,0,0,0,0,0,0,0,0,0,0,0,0,0,0,0,0,0,0,0,0,0,0,33,603
23763,,"56, Dr.Radha Krishnan Salai,Opposite Kalyani Hospital,Mylapore.",Rajan Dental Institute Pvt. Ltd.,"#56, Dr.Radha Krishnan Salai,Opposite Kalyani Hospital,Mylapore",Tamil Nadu,Chennai,0,600004,0,0,0,0,0,0,0,28472410,0,0,0,0,0,0,0,0,0,0,0,0,0,0,0,0,0,0,0,0,0,0,0,0,0,33,603
23764,,"320-A(47-A),Velachery Main Road,Velachery",Ramana Clinic And Nursing Home,"320-A(47-A),Velachery Main Road,Velachery",Tamil Nadu,Chennai,0,600004,0,0,0,0,0,0,0,0,0,0,0,0,0,0,0,0,0,0,0,0,0,0,0,0,0,0,0,0,0,0,0,0,0,33,603
23765,,"4, Nachiappa Street Mylapore",Sampat Nursing Home,"4, Nachiappa Street Mylapore",Tamil Nadu,Chennai,0,600004,0,0,0,0,0,0,0,0,0,0,0,0,0,0,0,0,0,0,0,0,0,0,0,0,0,0,0,0,0,0,0,0,0,33,603
23766,,"35 A, Santhome High Road, Marina Beach","Sinus And Nose Hospital - Mylapore, Chennai","35 A, Santhome High Road, Marina Beach",Tamil Nadu,Chennai,0,600004,0,0,0,0,0,0,0,0,0,0,0,0,0,0,0,0,0,0,0,0,0,0,0,0,0,0,0,0,0,0,0,0,0,33,603
23767,,"37,Oid#17Bheemasena Garden St., Mylapore",Sri Sayee Poly Clinic,"#37,Oid#17Bheemasena Garden St., Mylapore",Tamil Nadu,Chennai,0,600004,0,0,0,0,0,0,0,0,0,0,0,0,0,0,0,0,0,0,0,0,0,0,0,0,0,0,0,0,0,0,0,0,0,33,603
23768,,"49, Oliver Rd,Near Vivekananda College,Mylapore.",St.Isabel's Hospital,"#49, Oliver Rd,Near Vivekananda College,Mylapore",Tamil Nadu,Chennai,0,600004,0,0,0,0,0,0,0,0,0,0,0,0,0,0,0,0,0,0,0,0,0,0,0,0,0,0,0,0,0,0,0,0,0,33,603
23769,,"W - 98, Second Avenue West Madras Medical Centre",Sunder Eye Hospital,"W - 98, Second Avenue West Madras Medical Centre",Tamil Nadu,Chennai,0,600004,0,0,0,0,0,0,0,2620 4611,0,0,0,0,0,0,0,0,0,0,0,0,0,0,0,0,0,0,0,0,0,0,0,0,0,33,603
23770,,"No. 33, Desikan Road, Mylapore",Trinity Acute Care Hospital - Chennai,"No. 33, Desikan Road, Mylapore",Tamil Nadu,Chennai,0,600004,0,0,0,0,0,0,0,0,0,0,0,0,0,0,0,0,0,0,0,0,0,0,0,0,0,0,0,0,0,0,0,0,0,33,603
23771,,"No: 360, Triplicane High Road, Triplicane,",Dr Agarwals Eye Hospital,"No: 360, Triplicane High Road, Triplicane",Tamil Nadu,Chennai,0,600005,0,0,0,0,0,0,0,0,0,0,0,0,0,0,0,0,0,0,0,0,0,0,0,0,0,0,0,0,0,0,0,0,0,33,603
23772,,"New119, Old No.56, Dr.Natesan Road, Triplicane,",Fousiya Hospital,"New#119, Old No.56, Dr.Natesan Road, Triplicane",Tamil Nadu,Chennai,0,600005,0,0,0,0,0,0,0,0,0,0,0,0,0,0,0,0,0,0,0,0,0,0,0,0,0,0,0,0,0,0,0,0,0,33,603
23773,,"Old No-25 New No:53, Big Street, Near Hindu Higher Secondary School",Hiba Hospital,"Old No-25 New No:53, Big Street, Near Hindu Higher Secondary School",Tamil Nadu,Chennai,0,600005,0,0,0,0,0,0,0,0,0,0,0,0,0,0,0,0,0,0,0,0,0,0,0,0,0,0,0,0,0,0,0,0,0,33,603
23774,,"43, Irusappa St., Triplicane, Cheenai",Mm Harshine Veda Health Centre,"#43, Irusappa St., Triplicane",Tamil Nadu,Chennai,0,600005,0,0,0,0,0,0,0,0,0,0,0,0,0,0,0,0,0,0,0,0,0,0,0,0,0,0,0,0,0,0,0,0,0,33,603
23775,,"258, Triplicane High Road, Dist - Triplicane",R.R. Multispeciality Hospital,"258, Triplicane High Road, Dist - Triplicane",Tamil Nadu,Chennai,0,600005,0,0,0,0,0,0,0,0,0,0,0,0,0,0,0,0,0,0,0,0,0,0,0,0,0,0,0,0,0,0,0,0,0,33,603
23776,,No.241 Triplicane High Road Triplicane,Rathna Nursing Home,No.241 Triplicane High Road Triplicane,Tamil Nadu,Chennai,0,600005,0,0,0,0,0,0,0,0,0,0,0,0,0,0,0,0,0,0,0,0,0,0,0,0,0,0,0,0,0,0,0,0,0,33,603
23777,,"136 (295), Triplicane High Road",Siva E N T Hospital,"136 (295), Triplicane High Road",Tamil Nadu,Chennai,0,600005,0,0,0,0,0,0,0,0,0,0,0,0,0,0,0,0,0,0,0,0,0,0,0,0,0,0,0,0,0,0,0,0,0,33,603
23778,,"2, Pillaiyar Koil Street, Triplicane",Star Bone Joint Center,"# 2, Pillaiyar Koil Street, Triplicane",Tamil Nadu,Chennai,0,600005,0,0,0,0,0,0,0,0,0,0,0,0,0,0,0,0,0,0,0,0,0,0,0,0,0,0,0,0,0,0,0,0,0,33,603
23779,,"Old 239, Triplicane Hig Road,",Subam Nursing Home,"Old # 239 , Triplicane Hig Road",Tamil Nadu,Chennai,0,600005,0,0,0,0,0,0,0,0,0,0,0,0,0,0,0,0,0,0,0,0,0,0,0,0,0,0,0,0,0,0,0,0,0,33,603
23780,,"No.100/101, Triplicane High Road, Triplicane",Vasan Eye Care Hospital,"No.100/101, Triplicane High Road",Tamil Nadu,Chennai,0,600005,0,0,0,0,0,0,0,044  39923030,0,0,0,0,0,0,0,0,0,0,0,0,0,0,0,0,0,0,0,0,0,0,0,0,0,33,603
23781,,"21, Greams Lane, Off. Greams Road,",Apollo Hospitals,"21, Greams Lane, Off. Greams Road",Tamil Nadu,Chennai,0,600006,0,0,0,0,0,0,0,91  44  28294429,0,0,0,0,0,0,0,0,0,0,0,0,0,0,0,0,0,0,0,0,0,0,0,0,0,33,603
23782,,"72, I Main Road,Naganallur.",Bharath Hospital,"# 72, I Main Road,Naganallur",Tamil Nadu,Chennai,0,600006,0,0,0,0,0,0,0,0,0,0,0,0,0,0,0,0,0,0,0,0,0,0,0,0,0,0,0,0,0,0,0,0,0,33,603
23783,,"Ehrlich Laboratory, Kothi Apartments 1-D, 46 (New 14), College Road,",Dr.Meenakshi Dhamija,"Ehrlich Laboratory, Kothi Apartments 1-D, 46 (New 14), College Road",Tamil Nadu,Chennai,0,600006,0,0,0,0,0,0,0,0,0,0,0,0,0,0,0,0,0,0,0,0,0,0,0,0,0,0,0,0,0,0,0,0,0,33,603
23784,,"8, 3Rd Street, Subba Rao Avenue",Hillwoods Multidisciplinary Health Service,"8, 3Rd Street, Subba Rao Avenue",Tamil Nadu,Chennai,0,600006,0,0,0,0,0,0,0,0,0,0,0,0,0,0,0,0,0,0,0,0,0,0,0,0,0,0,0,0,0,0,0,0,0,33,603
23785,,"No. 1051, P.H.Road, Arumbakkam,",Indian Hospitals,"No. 1051, P.H.Road, Arumbakkam",Tamil Nadu,Chennai,0,600006,0,0,0,0,0,0,0,0,0,0,0,0,0,0,0,0,0,0,0,0,0,0,0,0,0,0,0,0,0,0,0,0,0,33,603
23786,,"(A Unit Of Medical Research Foundation)41/18, College Road, Nungambakkam",Sankara Nethralaya,"(A Unit Of Medical Research Foundation)41/18, College Road, Nungambakkam",Tamil Nadu,Chennai,0,600006,0,0,0,0,0,0,0,044   28254180,0,0,0,0,0,0,0,0,0,0,0,0,0,0,0,0,0,0,0,0,0,0,0,0,0,33,603
23787,,N0.76(Old No.143) Greams Road(OppositeBsnlteleshoppe),Sono Diagnostics,N0.76(Old No.143) Greams Road(OppositeBsnlteleshoppe),Tamil Nadu,Chennai,0,600006,0,0,0,0,0,0,0,28292368,0,0,0,0,0,0,0,0,0,0,0,0,0,0,0,0,0,0,0,0,0,0,0,0,0,33,603
23788,,"Rakeshdhamija M.B.B.S 1-D,Kothi Apartments, Ground Floor 14,College Road",Sri Sagara Durga Medicals,"Rakeshdhamija M.B.B.S 1-D,Kothi Apartments, Ground Floor 14,College Road",Tamil Nadu,Chennai,0,600006,0,0,0,0,0,0,0,0,0,0,0,0,0,0,0,0,0,0,0,0,0,0,0,0,0,0,0,0,0,0,0,0,0,33,603
23789,,"4,Ritherdon Road,Pursaivakam",C.U.Shah Clinic And Diagnostic Center,"# 4,Ritherdon Road,Pursaivakam",Tamil Nadu,Chennai,0,600007,0,0,0,0,0,0,0,0,0,0,0,0,0,0,0,0,0,0,0,0,0,0,0,0,0,0,0,0,0,0,0,0,0,33,603
23790,,"21.Ritherdon Road,Vepery,",Joseph Eye Clinic,"21.Ritherdon Road,Vepery",Tamil Nadu,Chennai,0,600007,0,0,0,0,0,0,0,0,0,0,0,0,0,0,0,0,0,0,0,0,0,0,0,0,0,0,0,0,0,0,0,0,0,33,603
23791,,"No.18, Tana Street, Purasawalkam",Narayanaa Hospital,"No.18, Tana Street, Purasawalkam",Tamil Nadu,Chennai,0,600007,0,0,0,0,0,0,0,044  26401849,0,0,0,0,0,0,0,0,0,0,0,0,0,0,0,0,0,0,0,0,0,0,0,0,0,33,603
23792,,"21, Ritherdon Road, Vepery",Ritherdon Nursing Home,"21, Ritherdon Road, Vepery",Tamil Nadu,Chennai,0,600007,0,0,0,0,0,0,0,0,0,0,0,0,0,0,0,0,0,0,0,0,0,0,0,0,0,0,0,0,0,0,0,0,0,33,603
23793,,"No:20, Thana Street, Purasaiwakkam Purasawakam",Sri Lakshmi Clinicandmaternity Center,"No:20, Thana Street, Purasaiwakkam Purasawakam",Tamil Nadu,Chennai,0,600007,0,0,0,0,0,0,0,0,0,0,0,0,0,0,0,0,0,0,0,0,0,0,0,0,0,0,0,0,0,0,0,0,0,33,603
23794,,"Moondrumavadi,K.Pudur, Madurai-7",St.Mary Of Leuca Hospital,"Moondrumavadi,K.Pudur, Madurai-7",Tamil Nadu,Chennai,0,600007,0,0,0,0,0,0,0,0,0,0,0,0,0,0,0,0,0,0,0,0,0,0,0,0,0,0,0,0,0,0,0,0,0,33,603
23795,,"230, Purswalkam High Road",The Private Hospital,"230, Purswalkam High Road",Tamil Nadu,Chennai,0,600007,0,0,0,0,0,0,0,0,0,0,0,0,0,0,0,0,0,0,0,0,0,0,0,0,0,0,0,0,0,0,0,0,0,33,603
23796,,"No. 562, Anna Salai Century Plaza, Opp To Ags Office.",Dr Rai Memorial Medical Center,"No. 562, Anna Salai Century Plaza, Opp To Ags Office",Tamil Nadu,Chennai,0,600008,0,0,0,0,0,0,0,0,0,0,0,0,0,0,0,0,0,0,0,0,0,0,0,0,0,0,0,0,0,0,0,0,0,33,603
23797,,"28,Marshalls Road Egmore,",Dr. A. Ramachandras Diabetes Hospit,"28,Marshalls Road Egmore",Tamil Nadu,Chennai,0,600008,0,0,0,0,0,0,0,0,0,0,0,0,0,0,0,0,0,0,0,0,0,0,0,0,0,0,0,0,0,0,0,0,0,33,603
23798,,"44, Sakthi Nagar, Adambakkam, Near Dev School",Prime Care Nursing Home,"44, Sakthi Nagar, Adambakkam , Near Dev School",Tamil Nadu,Chennai,0,600008,0,0,0,0,0,0,0,22530686,0,0,0,0,0,0,0,0,0,0,0,0,0,0,0,0,0,0,0,0,0,0,0,0,0,33,603
23799,,Opp Collecter Office Vellore,Siva Kumar Hospitals,Opp Collecter Office Vellore,Tamil Nadu,Chennai,0,600009,0,0,0,0,0,0,0,0,0,0,0,0,0,0,0,0,0,0,0,0,0,0,0,0,0,0,0,0,0,0,0,0,0,33,603
23800,,"No:7, Barnaby Road Kilpauk",Aditya Hospital,"No:7, Barnaby Road Kilpauk",Tamil Nadu,Chennai,0,600010,0,0,0,0,0,0,0,0,0,0,0,0,0,0,0,0,0,0,0,0,0,0,0,0,0,0,0,0,0,0,0,0,0,33,603
23801,,"20, Kellys Road Kilpauk",Akn Nursing Home,"20, Kellys Road Kilpauk",Tamil Nadu,Chennai,0,600010,0,0,0,0,0,0,0,0,0,0,0,0,0,0,0,0,0,0,0,0,0,0,0,0,0,0,0,0,0,0,0,0,0,33,603
23802,,"154, Poonta Nala High. Road,Kilpauk, Near, K.Mc. Hospital",Apollo First Medical Foundation,"154, Poonta Nala High. Road,Kilpauk, Near, K.Mc. Hospital",Tamil Nadu,Chennai,0,600010,0,0,0,0,0,0,0,28237470,0,0,0,0,0,0,0,0,0,0,0,0,0,0,0,0,0,0,0,0,0,0,0,0,0,33,603
23803,,"91-A Millers Road, Kilpauk",Ayesha Hospital,"91-A Millers Road, Kilpauk",Tamil Nadu,Chennai,0,600010,0,0,0,0,0,0,0,0,0,0,0,0,0,0,0,0,0,0,0,0,0,0,0,0,0,0,0,0,0,0,0,0,0,33,603
23804,,"91-A, Millers Road,",Babus Dialysis Centre,"91-A, Millers Road",Tamil Nadu,Chennai,0,600010,0,0,0,0,0,0,0,0,0,0,0,0,0,0,0,0,0,0,0,0,0,0,0,0,0,0,0,0,0,0,0,0,0,33,603
23805,,"55,New Avadi Road,Kilpauk,",Chennai Cancer Care,"# 55,New Avadi Road,Kilpauk",Tamil Nadu,Chennai,0,600010,0,0,0,0,0,0,0,0,0,0,0,0,0,0,0,0,0,0,0,0,0,0,0,0,0,0,0,0,0,0,0,0,0,33,603
23806,,"64, Medavakkam Tank Road, Kilpauk,",Chennai Heart Centre,"64, Medavakkam Tank Road, Kilpauk",Tamil Nadu,Chennai,0,600010,0,0,0,0,0,0,0,0,0,0,0,0,0,0,0,0,0,0,0,0,0,0,0,0,0,0,0,0,0,0,0,0,0,33,603
23807,,"No.80, New Avadi Road,Alagappa Nagar,Opposite To Pachaiyappa's College For Men,Kilpauk,",Davita Nephrolife,"No.80, New Avadi Road,Alagappa Nagar,Opposite To Pachaiyappa's College For Men,Kilpauk",Tamil Nadu,Chennai,0,600010,0,0,0,0,0,0,0,4449087275,0,0,0,0,0,0,0,0,0,0,0,0,0,0,0,0,0,0,0,0,0,0,0,0,0,33,603
23808,,"(Old No.19), New No.37, Millers Road, Kilpauk",Doctor Rexs Hospitals,"(Old No.19), New No.37, Millers Road, Kilpauk",Tamil Nadu,Chennai,0,600010,0,0,0,0,0,0,0,0,0,0,0,0,0,0,0,0,0,0,0,0,0,0,0,0,0,0,0,0,0,0,0,0,0,33,603
23809,,"212 Mth Road, Ambattur",Dr Rabindran;S Health Care Center,"212 Mth Road, Ambattur",Tamil Nadu,Chennai,0,600010,0,0,0,0,0,0,0,0,0,0,0,0,0,0,0,0,0,0,0,0,0,0,0,0,0,0,0,0,0,0,0,0,0,33,603
23810,,"Old No.764, New No.402, Poonamallee High Road, (Chathurpujadoss Road), Kilpauk, Madras",Dr. A.G. Arumugam Nursing Home,"Old No.764, New No.402, Poonamallee High Road, (Chathurpujadoss Road), Kilpauk, Madras",Tamil Nadu,Chennai,0,600010,0,0,0,0,0,0,0,0,0,0,0,0,0,0,0,0,0,0,0,0,0,0,0,0,0,0,0,0,0,0,0,0,0,33,603
23811,,"142/9, Akshaya Building, Purasawalkam High Road, Kellys",Dr. Meera Nursing Home,"# 142/9, Akshaya Building , Purasawalkam High Road, Kellys",Tamil Nadu,Chennai,0,600010,0,0,0,0,0,0,0,044  43560937,0,0,0,0,0,0,0,0,0,0,0,0,0,0,0,0,0,0,0,0,0,0,0,0,0,33,603
23812,,"815, Poonamalle High Road",Halsted Surgical Clinic,"815, Poonamalle High Road",Tamil Nadu,Chennai,0,600010,0,0,0,0,0,0,0,0,0,0,0,0,0,0,0,0,0,0,0,0,0,0,0,0,0,0,0,0,0,0,0,0,0,33,603
23813,,"No.1, Millers Road, Kilpauk",Hitech Diagnostic Centre,"No.1, Millers Road, Kilpauk",Tamil Nadu,Chennai,0,600010,0,0,0,0,0,0,0,0,0,0,0,0,0,0,0,0,0,0,0,0,0,0,0,0,0,0,0,0,0,0,0,0,0,33,603
23814,,"No : 814, Poonamallee High Rd., Kilpauk",Jayadev Polyclinic Hospital,"No : 814, Poonamallee High Rd., Kilpauk",Tamil Nadu,Chennai,0,600010,0,0,0,0,0,0,0,0,0,0,0,0,0,0,0,0,0,0,0,0,0,0,0,0,0,0,0,0,0,0,0,0,0,33,603
23815,,"214, Poonamallee High Road, Kilpauk",Jm Kerala Aayurveda Speciality Centre,"214, Poonamallee High Road, Kilpauk",Tamil Nadu,Chennai,0,600010,0,0,0,0,0,0,0,0,0,0,0,0,0,0,0,0,0,0,0,0,0,0,0,0,0,0,0,0,0,0,0,0,0,33,603
23816,,"856,Poonamallee High Road, Kilpauk",Kensington Hospital,"856,Poonamallee High Road, Kilpauk",Tamil Nadu,Chennai,0,600010,0,0,0,0,0,0,0,0,0,0,0,0,0,0,0,0,0,0,0,0,0,0,0,0,0,0,0,0,0,0,0,0,0,33,603
23817,,"64, Medavakam Tank Road Kilpauk",Km Hospitals,"64, Medavakam Tank Road Kilpauk",Tamil Nadu,Chennai,0,600010,0,0,0,0,0,0,0,0,0,0,0,0,0,0,0,0,0,0,0,0,0,0,0,0,0,0,0,0,0,0,0,0,0,33,603
23818,,"47/3, New Avadi Road,Near Kilpauk Post Office",Lifeline Rigid Hospital,"47/3, New Avadi Road,Near Kilpauk Post Office",Tamil Nadu,Chennai,0,600010,0,0,0,0,0,0,0,4426449708,0,0,0,0,0,0,0,0,0,0,0,0,0,0,0,0,0,0,0,0,0,0,0,0,0,33,603
23819,,"No. 14, Bank Street Off New Avadi Road, Kilpauk",M.N.Orthopaedic Hospital,"No. 14, Bank Street Off New Avadi Road, Kilpauk",Tamil Nadu,Chennai,0,600010,0,0,0,0,0,0,0,4203  8435,0,0,0,0,0,0,0,0,0,0,0,0,0,0,0,0,0,0,0,0,0,0,0,0,0,33,603
23820,,New No.22(33) Harleys Road Air India Colony Kilpauk,Mahak Clinic,New No.22(33) Harleys Road Air India Colony Kilpauk,Tamil Nadu,Chennai,0,600010,0,0,0,0,0,0,0,0,0,0,0,0,0,0,0,0,0,0,0,0,0,0,0,0,0,0,0,0,0,0,0,0,0,33,603
23821,,"Kilpauk Garden Road, Dilpauk",Marudhar Kesari Health Foundation Pvt Ltd,"Kilpauk Garden Road, Dilpauk",Tamil Nadu,Chennai,0,600010,0,0,0,0,0,0,0,0,0,0,0,0,0,0,0,0,0,0,0,0,0,0,0,0,0,0,0,0,0,0,0,0,0,33,603
23822,,"264/125, Kilpauk Garden Road, Kilpauk",Mots Hospital,"264/125, Kilpauk Garden Road, Kilpauk",Tamil Nadu,Chennai,0,600010,0,0,0,0,0,0,0,0,0,0,0,0,0,0,0,0,0,0,0,0,0,0,0,0,0,0,0,0,0,0,0,0,0,33,603
23823,,"No. 814, Poonamallee High Road, Kilpauk",New Hope Medical Centre Pvt. Ltd,"No. 814, Poonamallee High Road, Kilpauk",Tamil Nadu,Chennai,0,600010,0,0,0,0,0,0,0,044  26613966,0,0,0,0,0,0,0,0,0,0,0,0,0,0,0,0,0,0,0,0,0,0,0,0,0,33,603
23824,,"264/125, Kilpauk Garden Road,,Kilpauk.",Onelife Mots Hospital,"#264/125, Kilpauk Garden Road,Kilpauk",Tamil Nadu,Chennai,0,600010,0,0,0,0,0,0,0,26449595,0,0,0,0,0,0,0,0,0,0,0,0,0,0,0,0,0,0,0,0,0,0,0,0,0,33,603
23825,,"753, Poonamallee High Road Kilpauk",Padma Clinic And Nursing Home,"753, Poonamallee High Road Kilpauk",Tamil Nadu,Chennai,0,600010,0,0,0,0,0,0,0,0,0,0,0,0,0,0,0,0,0,0,0,0,0,0,0,0,0,0,0,0,0,0,0,0,0,33,603
23826,,191 Poonamallee High Road,Precision Diagnostics,191 Poonamallee High Road,Tamil Nadu,Chennai,0,600010,0,0,0,0,0,0,0,0,0,0,0,0,0,0,0,0,0,0,0,0,0,0,0,0,0,0,0,0,0,0,0,0,0,33,603
23827,,"866, Poonamallee High Road, Kilpauk",R.K. Gynaec And Maternity Hospital,"866, Poonamallee High Road, Kilpauk",Tamil Nadu,Chennai,0,600010,0,0,0,0,0,0,0,0,0,0,0,0,0,0,0,0,0,0,0,0,0,0,0,0,0,0,0,0,0,0,0,0,0,33,603
23828,,"New.No.264 (Old No 829/2), Poonamallee High Road, Kilpauk",Ramarau Polyclinic,"New.No.264 (Old No 829/2), Poonamallee High Road, Kilpauk",Tamil Nadu,Chennai,0,600010,0,0,0,0,0,0,0,0,0,0,0,0,0,0,0,0,0,0,0,0,0,0,0,0,0,0,0,0,0,0,0,0,0,33,603
23829,,"3, Mandapam Road, Kilpauk",Regina Nursing Home,"3, Mandapam Road, Kilpauk",Tamil Nadu,Chennai,0,600010,0,0,0,0,0,0,0,0,0,0,0,0,0,0,0,0,0,0,0,0,0,0,0,0,0,0,0,0,0,0,0,0,0,33,603
23830,,"1, Prof. Subramaniam Street (Behind Ega Theatre), Kllpauk",Right Hospitals,"1, Prof. Subramaniam Street (Behind Ega Theatre) , Kllpauk",Tamil Nadu,Chennai,0,600010,0,0,0,0,0,0,0,044  26430999,0,0,0,0,0,0,0,0,0,0,0,0,0,0,0,0,0,0,0,0,0,0,0,0,0,33,603
23831,,"752, Poonamallee High Road Kilpauk Kilpauk",Sarala Neurology Hospital And Research Centre,"752, Poonamallee High Road Kilpauk Kilpauk",Tamil Nadu,Chennai,0,600010,0,0,0,0,0,0,0,0,0,0,0,0,0,0,0,0,0,0,0,0,0,0,0,0,0,0,0,0,0,0,0,0,0,33,603
23832,,"No. 15, Ormes Road, Kilpauk,",Satish Eye Hospital,"No. 15, Ormes Road, Kilpauk",Tamil Nadu,Chennai,0,600010,0,0,0,0,0,0,0,044  26613949,0,0,0,0,0,0,0,0,0,0,0,0,0,0,0,0,0,0,0,0,0,0,0,0,0,33,603
23833,,"/227-1 Opp K.T.C.Depot Thoothukudi Main Road, Tiruchendur-",Shanthi Hospital,"/227-1 Opp K.T.C.Depot Thoothukudi Main Road, Tiruchendur",Tamil Nadu,Chennai,0,600010,0,0,0,0,0,0,0,0,0,0,0,0,0,0,0,0,0,0,0,0,0,0,0,0,0,0,0,0,0,0,0,0,0,33,603
23834,,"32/1, (Old No.463/1),Kilpauk Garden Rd,Kilpauk.",Sree Sai Krishna Poly Clinic Hospital,"#32/1, (Old No.463/1),Kilpauk Garden Rd,Kilpauk",Tamil Nadu,Chennai,0,600010,0,0,0,0,0,0,0,26449014,0,0,0,0,0,0,0,0,0,0,0,0,0,0,0,0,0,0,0,0,0,0,0,0,0,33,603
23835,,"Flat1/B,Ii Floor,OldNo191,New#297,Precision Diagnostics Complex,Periyar Evr Salai(P.H.Road)Kilpauk",Sundaram Cancer Centre,"Flat1/B,Ii Floor,Old#No191,New#297,Precision Diagnostics Complex,Periyar Evr Salai(P.H.Road)Kilpauk",Tamil Nadu,Chennai,0,600010,0,0,0,0,0,0,0,0,0,0,0,0,0,0,0,0,0,0,0,0,0,0,0,0,0,0,0,0,0,0,0,0,0,33,603
23836,,"136, Ponamallee High Road,",Sundaravadanan Nursing Home,"#136, Ponamallee High Road",Tamil Nadu,Chennai,0,600010,0,0,0,0,0,0,0,0,0,0,0,0,0,0,0,0,0,0,0,0,0,0,0,0,0,0,0,0,0,0,0,0,0,33,603
23837,,"Old 17, New 54, Harleys Road, Kilpauk,",Surgical Nursing Home,"Old 17, New 54, Harleys Road, Kilpauk",Tamil Nadu,Chennai,0,600010,0,0,0,0,0,0,0,0,0,0,0,0,0,0,0,0,0,0,0,0,0,0,0,0,0,0,0,0,0,0,0,0,0,33,603
23838,,"18-A, Manickeswari Road, Kilpauk",The Arya Vaidya Chikitsalayam,"18-A, Manickeswari Road, Kilpauk",Tamil Nadu,Chennai,0,600010,0,0,0,0,0,0,0,0,0,0,0,0,0,0,0,0,0,0,0,0,0,0,0,0,0,0,0,0,0,0,0,0,0,33,603
23839,,"No.34/72, Ormes Road, Kilpauk, Kilpauk",Tosh Hospitals Private Limited,"No.34/72, Ormes Road, Kilpauk, Kilpauk",Tamil Nadu,Chennai,0,600010,0,0,0,0,0,0,0,044  49034903,0,0,0,0,0,0,0,0,0,0,0,0,0,0,0,0,0,0,0,0,0,0,0,0,0,33,603
23840,,"No.62,Foxen Street Perambur",Bharani Nursing Home,"No.62,Foxen Street Perambur",Tamil Nadu,Chennai,0,600011,0,0,0,0,0,0,0,0,0,0,0,0,0,0,0,0,0,0,0,0,0,0,0,0,0,0,0,0,0,0,0,0,0,33,603
23841,,"77, Paper Mills Road, Perambur,",Dr. M. Mohamed Meeran Clinic,"77, Paper Mills Road, Perambur",Tamil Nadu,Chennai,0,600011,0,0,0,0,0,0,0,0,0,0,0,0,0,0,0,0,0,0,0,0,0,0,0,0,0,0,0,0,0,0,0,0,0,33,603
23842,,"10/84, Paddy Field Road, Perambur",Priya Nursing Home,"10/84, Paddy Field Road, Perambur",Tamil Nadu,Chennai,0,600011,0,0,0,0,0,0,0,0,0,0,0,0,0,0,0,0,0,0,0,0,0,0,0,0,0,0,0,0,0,0,0,0,0,33,603
23843,,"New No. 51, 18,Bunder Garden Street,Perambur,Opposite Lourdes Girls School",Sen Hospital,"New No. 51, 18,Bunder Garden Street,Perambur,Opposite Lourdes Girls School",Tamil Nadu,Chennai,0,600011,0,0,0,0,0,0,0,"25586896, 26625157",0,0,0,0,0,0,0,0,0,0,0,0,0,0,0,0,0,0,0,0,0,0,0,0,0,33,603
23844,,"No 7, Bharathi Road Perambur",Sree Narayana Nursing Home,"No 7, Bharathi Road Perambur",Tamil Nadu,Chennai,0,600011,0,0,0,0,0,0,0,0,0,0,0,0,0,0,0,0,0,0,0,0,0,0,0,0,0,0,0,0,0,0,0,0,0,33,603
23845,,"Old No.89,& New No.106 Pate Road Perambur, (Near Perambur Railway Station), Patel Road",Srinivas Priya Hospital (P) Ltd,"Old No.89,& New No.106 Pate Road Perambur, (Near Perambur Railway Station), Patel Road",Tamil Nadu,Chennai,0,600011,0,0,0,0,0,0,0,044  25512277,0,0,0,0,0,0,0,0,0,0,0,0,0,0,0,0,0,0,0,0,0,0,0,0,0,33,603
23846,,"New.No.32,(Old No.45), Bunder Garden,2Nd Street, Perambur",Subiksha Nursing Home,"New.No.32,(Old No.45), Bunder Garden,2Nd Street, Perambur",Tamil Nadu,Chennai,0,600011,0,0,0,0,0,0,0,0,0,0,0,0,0,0,0,0,0,0,0,0,0,0,0,0,0,0,0,0,0,0,0,0,0,33,603
23847,,"105, Pulianthope High Road,,Pulianthope.",Deepam Muthu Hospital,"#105, Pulianthope High Road,Pulianthope",Tamil Nadu,Chennai,0,600012,0,0,0,0,0,0,0,0,0,0,0,0,0,0,0,0,0,0,0,0,0,0,0,0,0,0,0,0,0,0,0,0,0,33,603
23848,,"96, Perambur High Road, Near Jamalia Bus Stop Kamalia",Julian Nursing Home,"96, Perambur High Road, Near Jamalia Bus Stop Kamalia",Tamil Nadu,Chennai,0,600012,0,0,0,0,0,0,0,0,0,0,0,0,0,0,0,0,0,0,0,0,0,0,0,0,0,0,0,0,0,0,0,0,0,33,603
23849,,"No 1, Binny Colony, Perambur Barracks Road, Behind Binny Cloth Show Room,",N.R.Medical Home Private Limited,"No 1, Binny Colony, Perambur Barracks Road, Behind Binny Cloth Show Room",Tamil Nadu,Chennai,0,600012,0,0,0,0,0,0,0,044  2669 2786,0,0,0,0,0,0,0,0,0,0,0,0,0,0,0,0,0,0,0,0,0,0,0,0,0,33,603
23850,,"No-36, Brickkiln Road Near Abirani Theatre",Shri Balaji Hospital - Chennai,"No-36, Brickkiln Road Near Abirani Theatre",Tamil Nadu,Chennai,0,600012,0,0,0,0,0,0,0,044  26626111,0,0,0,0,0,0,0,0,0,0,0,0,0,0,0,0,0,0,0,0,0,0,0,0,0,33,603
23851,,"N0:532, Suriya Narayana Street, Royapuram, -",Sri Kumaran Multi Speciality Hospital,"N0:532, Suriya Narayana Street, Royapuram",Tamil Nadu,Chennai,0,600012,0,0,0,0,0,0,0,044  25960216,0,0,0,0,0,0,0,0,0,0,0,0,0,0,0,0,0,0,0,0,0,0,0,0,0,33,603
23852,,119 Sanjeevarayan Koil Street Old Washerman Pet,Vasantha Nursing Home,119 Sanjeevarayan Koil Street Old Washerman Pet,Tamil Nadu,Chennai,0,600012,0,0,0,0,0,0,0,0,0,0,0,0,0,0,0,0,0,0,0,0,0,0,0,0,0,0,0,0,0,0,0,0,0,33,603
23853,,"No.142, M.S. Koil Street, Royapuram,",Bhagwan Mahaveer Eye Hospital,"No.142, M.S. Koil Street, Royapuram",Tamil Nadu,Chennai,0,600013,0,0,0,0,0,0,0,0,0,0,0,0,0,0,0,0,0,0,0,0,0,0,0,0,0,0,0,0,0,0,0,0,0,33,603
23854,,"Clinic:185,Portuguese Church Street",Dr.C.Satheesh,"Clinic:185,Portuguese Church Street",Tamil Nadu,Chennai,0,600013,0,0,0,0,0,0,0,0,0,0,0,0,0,0,0,0,0,0,0,0,0,0,0,0,0,0,0,0,0,0,0,0,0,33,603
23855,,"No-4, West Mada Church Street, Royapuram,",M V Hospital For Diabetes Pvt Ltd,"No-4, West Mada Church Street, Royapuram",Tamil Nadu,Chennai,0,600013,0,0,0,0,0,0,0,0,0,0,0,0,0,0,0,0,0,0,0,0,0,0,0,0,0,0,0,0,0,0,0,0,0,33,603
23856,,"10, Arthoon Road Royapuram",Nichani Health Centre,"10, Arthoon Road Royapuram",Tamil Nadu,Chennai,0,600013,0,0,0,0,0,0,0,0,0,0,0,0,0,0,0,0,0,0,0,0,0,0,0,0,0,0,0,0,0,0,0,0,0,33,603
23857,,"15, Thoppai Street, Royapuram,",Rathina Clinic,"# 15, Thoppai Street, Royapuram",Tamil Nadu,Chennai,0,600013,0,0,0,0,0,0,0,0,0,0,0,0,0,0,0,0,0,0,0,0,0,0,0,0,0,0,0,0,0,0,0,0,0,33,603
23858,,"45, Westkalmandapamroadroyapuram",Sakthis Hospital,"45, Westkalmandapamroadroyapuram",Tamil Nadu,Chennai,0,600013,0,0,0,0,0,0,0,2596 4729,0,0,0,0,0,0,0,0,0,0,0,0,0,0,0,0,0,0,0,0,0,0,0,0,0,33,603
23859,,"87/38, M.S. Koil Street, Royapuram",Subha Hospital,"87/38, M.S. Koil Street, Royapuram",Tamil Nadu,Chennai,0,600013,0,0,0,0,0,0,0,0,0,0,0,0,0,0,0,0,0,0,0,0,0,0,0,0,0,0,0,0,0,0,0,0,0,33,603
23860,,"51/18, Adam Sahib Street, Pumping Station Road, Roya Puram",Sudha Hospital,"51/18, Adam Sahib Street, Pumping Station Road, Roya Puram",Tamil Nadu,Chennai,0,600013,0,0,0,0,0,0,0,0,0,0,0,0,0,0,0,0,0,0,0,0,0,0,0,0,0,0,0,0,0,0,0,0,0,33,603
23861,,"New141Old#84 Peters Road Royapettah Chennai, Opp Adarsh School",Arasu Medicals,"New#141Old#84 Peters Road Royapettah Chennai , Opp Adarsh School",Tamil Nadu,Chennai,0,600014,0,0,0,0,0,0,0,0,0,0,0,0,0,0,0,0,0,0,0,0,0,0,0,0,0,0,0,0,0,0,0,0,0,33,603
23862,,"16,R.O.B Th Street",Dr.Bala Subramanian,"16,R.O.B Th Street",Tamil Nadu,Chennai,0,600014,0,0,0,0,0,0,0,0,0,0,0,0,0,0,0,0,0,0,0,0,0,0,0,0,0,0,0,0,0,0,0,0,0,33,603
23863,,"No.159 Lloyds Road, Siva .Ent Hospital Building",Santhigiri Ayurveda and Siddha Hospital,"No.159 Lloyds Road , Siva .Ent Hospital Building",Tamil Nadu,Chennai,0,600014,0,0,0,0,0,0,0,0,0,0,0,0,0,0,0,0,0,0,0,0,0,0,0,0,0,0,0,0,0,0,0,0,0,33,603
23864,,"241,Royupattak High Road,",Seethapathy Nursing Home,"241,Royupattak High Road",Tamil Nadu,Chennai,0,600014,0,0,0,0,0,0,0,0,0,0,0,0,0,0,0,0,0,0,0,0,0,0,0,0,0,0,0,0,0,0,0,0,0,33,603
23865,,No. 159(Old No.94) Lloyds Road Royapettah,Siva E.N.T. Hospital,No. 159(Old No.94) Lloyds Road Royapettah,Tamil Nadu,Chennai,0,600014,0,0,0,0,0,0,0,28113390,0,0,0,0,0,0,0,0,0,0,0,0,0,0,0,0,0,0,0,0,0,0,0,0,0,33,603
23866,,"46, Dr.Besant Road,",The Crescent Hospital,"46, Dr.Besant Road",Tamil Nadu,Chennai,0,600014,0,0,0,0,0,0,0,0,0,0,0,0,0,0,0,0,0,0,0,0,0,0,0,0,0,0,0,0,0,0,0,0,0,33,603
23867,,"194Old No 289), Lloyd's Road, Avvai Sanmugam Salai, Royapettah.",Vinayagam Laser Hospital,"194Old No 289), Lloyd's Road, Avvai Sanmugam Salai, Royapettah",Tamil Nadu,Chennai,0,600014,0,0,0,0,0,0,0,0,0,0,0,0,0,0,0,0,0,0,0,0,0,0,0,0,0,0,0,0,0,0,0,0,0,33,603
23868,,"11, Sastri 1St Cross Street, Kaveri Nagar Saidapet",Balakrishna Eye Hospital,"11, Sastri 1St Cross Street, Kaveri Nagar Saidapet",Tamil Nadu,Chennai,0,600015,0,0,0,0,0,0,0,0,0,0,0,0,0,0,0,0,0,0,0,0,0,0,0,0,0,0,0,0,0,0,0,0,0,33,603
23869,,"No 35 Karaneeswarar Koil Street,Saidapet",Chitra Maternity andSurgival Centre,"No 35 Karaneeswarar Koil Street,Saidapet",Tamil Nadu,Chennai,0,600015,0,0,0,0,0,0,0,0,0,0,0,0,0,0,0,0,0,0,0,0,0,0,0,0,0,0,0,0,0,0,0,0,0,33,603
23870,,"No.-9, Sadayappan Mudali Street",R Nandukumar Nursing Home,"No.-9, Sadayappan Mudali Street",Tamil Nadu,Chennai,0,600015,0,0,0,0,0,0,0,0,0,0,0,0,0,0,0,0,0,0,0,0,0,0,0,0,0,0,0,0,0,0,0,0,0,33,603
23871,,"391/392, Anna Salai, 1St Floor, Miv Complex., Opposite New Bus Stand, Saidapet",R.G. Stone Urological Research Institute,"391/392, Anna Salai, 1St Floor, Miv Complex., Opposite New Bus Stand, Saidapet",Tamil Nadu,Chennai,0,600015,0,0,0,0,0,0,0,0,0,0,0,0,0,0,0,0,0,0,0,0,0,0,0,0,0,0,0,0,0,0,0,0,0,33,603
23872,,"No: 9, Sadayappan Street Saidapet",Sri Balaji Ent And Maternity Clinic,"No: 9, Sadayappan Street Saidapet",Tamil Nadu,Chennai,0,600015,0,0,0,0,0,0,0,0,0,0,0,0,0,0,0,0,0,0,0,0,0,0,0,0,0,0,0,0,0,0,0,0,0,33,603
23873,,"1, Rajambhal St.Rameshwar Apartments T-Nagar",Add Value To Life,"1, Rajambhal St.Rameshwar Apartments T-Nagar",Tamil Nadu,Chennai,0,600017,0,0,0,0,0,0,0,0,0,0,0,0,0,0,0,0,0,0,0,0,0,0,0,0,0,0,0,0,0,0,0,0,0,33,603
23874,,"31,Dhandapani Street,T.Nagar",Anuradha Maternity Centre,"31,Dhandapani Street,T.Nagar",Tamil Nadu,Chennai,0,600017,0,0,0,0,0,0,0,0,0,0,0,0,0,0,0,0,0,0,0,0,0,0,0,0,0,0,0,0,0,0,0,0,0,33,603
23875,,No 56 Chetty Road T Nagar,Appolo Clinic,No 56 Chetty Road T Nagar,Tamil Nadu,Chennai,0,600017,0,0,0,0,0,0,0,0,0,0,0,0,0,0,0,0,0,0,0,0,0,0,0,0,0,0,0,0,0,0,0,0,0,33,603
23876,,"No 20, G N Chetty Road T Nagar",B R Speciality Hospital and Research Center,"No 20 , G N Chetty Road T Nagar",Tamil Nadu,Chennai,0,600017,0,0,0,0,0,0,0,0,0,0,0,0,0,0,0,0,0,0,0,0,0,0,0,0,0,0,0,0,0,0,0,0,0,33,603
23877,,"2, New Giri Road, T. Nagar,",Bagdi Nursing Home,"2, New Giri Road, T. Nagar",Tamil Nadu,Chennai,0,600017,0,0,0,0,0,0,0,0,0,0,0,0,0,0,0,0,0,0,0,0,0,0,0,0,0,0,0,0,0,0,0,0,0,33,603
23878,,"No: 20, G N Chetty Road T Nagar",Bharathi Rajaa Specialty Hospital,"No: 20, G N Chetty Road T Nagar",Tamil Nadu,Chennai,0,600017,0,0,0,0,0,0,0,0,0,0,0,0,0,0,0,0,0,0,0,0,0,0,0,0,0,0,0,0,0,0,0,0,0,33,603
23879,,"37, Myai Ranganthan Street, T. Nagar",Care Hospital,"37, Myai Ranganthan Street, T. Nagar",Tamil Nadu,Chennai,0,600017,0,0,0,0,0,0,0,0,0,0,0,0,0,0,0,0,0,0,0,0,0,0,0,0,0,0,0,0,0,0,0,0,0,33,603
23880,,"Old No.24, New 73, Habibullah Road, T.Nagar,",Centre For Blood Disorder,"Old No.24, New 73, Habibullah Road, T.Nagar",Tamil Nadu,Chennai,0,600017,0,0,0,0,0,0,0,0,0,0,0,0,0,0,0,0,0,0,0,0,0,0,0,0,0,0,0,0,0,0,0,0,0,33,603
23881,,"87,Burkit Road T-Nager",Dianostic Services,"87,Burkit Road T-Nager",Tamil Nadu,Chennai,0,600017,0,0,0,0,0,0,0,0,0,0,0,0,0,0,0,0,0,0,0,0,0,0,0,0,0,0,0,0,0,0,0,0,0,33,603
23882,,"N0-01, Crescent Park Street, T Nagar,",Dr Gurusekaran Hospital Pvt Ltd,"N0-01, Crescent Park Street, T Nagar",Tamil Nadu,Chennai,0,600017,0,0,0,0,0,0,0,0,0,0,0,0,0,0,0,0,0,0,0,0,0,0,0,0,0,0,0,0,0,0,0,0,0,33,603
23883,,"20/3-4 Gopalkrishna Street, Indra Devi Complex, (Near Rohini International), T Nagar",Dr Iravathams Laboratory,"20/3-4 Gopalkrishna Street, Indra Devi Complex , (Near Rohini International), T Nagar",Tamil Nadu,Chennai,0,600017,0,0,0,0,0,0,0,0,0,0,0,0,0,0,0,0,0,0,0,0,0,0,0,0,0,0,0,0,0,0,0,0,0,33,603
23884,,"Old Number 21, New Number 3, Bharathi Nagar, 1St Street, 2Nd Lane, T. Nagar",Dr V Rathna Frabhu,"Old Number 21, New Number 3, Bharathi Nagar, 1St Street, 2Nd Lane, T. Nagar",Tamil Nadu,Chennai,0,600017,0,0,0,0,0,0,0,0,0,0,0,0,0,0,0,0,0,0,0,0,0,0,0,0,0,0,0,0,0,0,0,0,0,33,603
23885,,"Old No.33,New No.10.Mannar Street,T.Nagar,",Dr Vas Dental Clinic,"Old No.33,New No.10.Mannar Street,T.Nagar",Tamil Nadu,Chennai,0,600017,0,0,0,0,0,0,0,0,0,0,0,0,0,0,0,0,0,0,0,0,0,0,0,0,0,0,0,0,0,0,0,0,0,33,603
23886,,"56,(Old No.105), G.N. Chetty Road, First Floor, T.Nagar,",Dr. Udhaya Rajas Dental Centre,"56,(Old No.105), G.N. Chetty Road, First Floor, T.Nagar",Tamil Nadu,Chennai,0,600017,0,0,0,0,0,0,0,0,0,0,0,0,0,0,0,0,0,0,0,0,0,0,0,0,0,0,0,0,0,0,0,0,0,33,603
23887,,"No.10/11, Madley Road, T.Nagar",Dr.Duraiswami Eye Hospital,"No.10/11, Madley Road, T.Nagar",Tamil Nadu,Chennai,0,600017,0,0,0,0,0,0,0,0,0,0,0,0,0,0,0,0,0,0,0,0,0,0,0,0,0,0,0,0,0,0,0,0,0,33,603
23888,,"Old No.65/1,New No 8A,Burkit Road,T.Nagar",Dr.Mehtas Clinic,"Old No.65/1,New No 8A,Burkit Road,T.Nagar",Tamil Nadu,Chennai,0,600017,0,0,0,0,0,0,0,0,0,0,0,0,0,0,0,0,0,0,0,0,0,0,0,0,0,0,0,0,0,0,0,0,0,33,603
23889,,"New No 11,Old No 4 Saarngapani Street T.Nagar","Dr.N.Nagajothi,M.D","New No 11,Old No 4 Saarngapani Street T.Nagar",Tamil Nadu,Chennai,0,600017,0,0,0,0,0,0,0,0,0,0,0,0,0,0,0,0,0,0,0,0,0,0,0,0,0,0,0,0,0,0,0,0,0,33,603
23890,,"1,Moosa Street,T.Nager,",Endocrine Diagnostic And Research Centre,"# 1,Moosa Street,T.Nager",Tamil Nadu,Chennai,0,600017,0,0,0,0,0,0,0,0,0,0,0,0,0,0,0,0,0,0,0,0,0,0,0,0,0,0,0,0,0,0,0,0,0,33,603
23891,,"8, Dr Nairs Road T Nagar",Ganga Nursing Home,"8, Dr Nairs Road T Nagar",Tamil Nadu,Chennai,0,600017,0,0,0,0,0,0,0,0,0,0,0,0,0,0,0,0,0,0,0,0,0,0,0,0,0,0,0,0,0,0,0,0,0,33,603
23892,,"No.1 Crescent Park Street, T. Nagar",Gunasekaran Hospitals Pvt. Ltd.,"No.1 Crescent Park Street, T. Nagar",Tamil Nadu,Chennai,0,600017,0,0,0,0,0,0,0,044  24313884,0,0,0,0,0,0,0,0,0,0,0,0,0,0,0,0,0,0,0,0,0,0,0,0,0,33,603
23893,,"157,(Old No.55) Habibullah Road, T.Nagar",Health Speciality Centre,"157,(Old No.55) Habibullah Road, T.Nagar",Tamil Nadu,Chennai,0,600017,0,0,0,0,0,0,0,0,0,0,0,0,0,0,0,0,0,0,0,0,0,0,0,0,0,0,0,0,0,0,0,0,0,33,603
23894,,"Mangesh Street, T Nagar",Kottakkal Arya Vaidya Sala,"Mangesh Street, T Nagar",Tamil Nadu,Chennai,0,600017,0,0,0,0,0,0,0,0,0,0,0,0,0,0,0,0,0,0,0,0,0,0,0,0,0,0,0,0,0,0,0,0,0,33,603
23895,,"No.39, Burkit Road, T. Nagar,",Krishna Eye And Ent Hospitals,"No.39, Burkit Road, T. Nagar",Tamil Nadu,Chennai,0,600017,0,0,0,0,0,0,0,0,0,0,0,0,0,0,0,0,0,0,0,0,0,0,0,0,0,0,0,0,0,0,0,0,0,33,603
23896,,"No.11/3, Dr.Sadasivam Road, T.Nagar,",Life Span,"No.11/3, Dr.Sadasivam Road, T.Nagar",Tamil Nadu,Chennai,0,600017,0,0,0,0,0,0,0,0,0,0,0,0,0,0,0,0,0,0,0,0,0,0,0,0,0,0,0,0,0,0,0,0,0,33,603
23897,,"13, Raghaviah Road, T Nagar,",M R D Nursing Home,"13, Raghaviah Road, T Nagar",Tamil Nadu,Chennai,0,600017,0,0,0,0,0,0,0,0,0,0,0,0,0,0,0,0,0,0,0,0,0,0,0,0,0,0,0,0,0,0,0,0,0,33,603
23898,,"49 Srinivasa Reddu Street,T Nagar",New Balaji Hospital,"49 Srinivasa Reddu Street,T Nagar",Tamil Nadu,Chennai,0,600017,0,0,0,0,0,0,0,0,0,0,0,0,0,0,0,0,0,0,0,0,0,0,0,0,0,0,0,0,0,0,0,0,0,33,603
23899,,"35, Rangan Street, Behind Grt, T.Nagar",Pdr Othopaedic Hospital,"35, Rangan Street, Behind Grt, T.Nagar",Tamil Nadu,Chennai,0,600017,0,0,0,0,0,0,0,0,0,0,0,0,0,0,0,0,0,0,0,0,0,0,0,0,0,0,0,0,0,0,0,0,0,33,603
23900,,"44/2, New Boag Road, T Nagar",Poornima 24 Hours Hospital,"44/2, New Boag Road, T Nagar",Tamil Nadu,Chennai,0,600017,0,0,0,0,0,0,0,0,0,0,0,0,0,0,0,0,0,0,0,0,0,0,0,0,0,0,0,0,0,0,0,0,0,33,603
23901,,"No. 14/20, Chari Street, T. Nagar,",R. K. Eye Centre,"No. 14/20, Chari Street, T. Nagar",Tamil Nadu,Chennai,0,600017,0,0,0,0,0,0,0,28140547,0,0,0,0,0,0,0,0,0,0,0,0,0,0,0,0,0,0,0,0,0,0,0,0,0,33,603
23902,,"13, Raghaviah Road, T Nagar,",R.M.D. Nursing Home,"13, Raghaviah Road, T Nagar",Tamil Nadu,Chennai,0,600017,0,0,0,0,0,0,0,0,0,0,0,0,0,0,0,0,0,0,0,0,0,0,0,0,0,0,0,0,0,0,0,0,0,33,603
23903,,"12, Hindi Prachara Sabha Street, T Nagar",Radhatri Nethralaya,"12, Hindi Prachara Sabha Street, T Nagar",Tamil Nadu,Chennai,0,600017,0,0,0,0,0,0,0,0,0,0,0,0,0,0,0,0,0,0,0,0,0,0,0,0,0,0,0,0,0,0,0,0,0,33,603
23904,,"5,Vidyodaya East Second Street, Behind Vidyodaya School",Rajan Eye Care Hospital Private Limited,"5,Vidyodaya East Second Street, Behind Vidyodaya School",Tamil Nadu,Chennai,0,600017,0,0,0,0,0,0,0,044  28278768,0,0,0,0,0,0,0,0,0,0,0,0,0,0,0,0,0,0,0,0,0,0,0,0,0,33,603
23905,,"43, South Usman Road, T Nagar,",Raju Hospital,"43, South Usman Road, T Nagar",Tamil Nadu,Chennai,0,600017,0,0,0,0,0,0,0,0,0,0,0,0,0,0,0,0,0,0,0,0,0,0,0,0,0,0,0,0,0,0,0,0,0,33,603
23906,,"55, Sadulla Street, T.Nagar,",Sai Ortho Care Hospital,"55, Sadulla Street, T.Nagar",Tamil Nadu,Chennai,0,600017,0,0,0,0,0,0,0,0,0,0,0,0,0,0,0,0,0,0,0,0,0,0,0,0,0,0,0,0,0,0,0,0,0,33,603
23907,,"24,Coats Road, T.Nagar,",Sathya Physiotherapy Centre,"24,Coats Road, T.Nagar",Tamil Nadu,Chennai,0,600017,0,0,0,0,0,0,0,0,0,0,0,0,0,0,0,0,0,0,0,0,0,0,0,0,0,0,0,0,0,0,0,0,0,33,603
23908,,"155, Ground Floor, G N Chetty Road, T Nagar,",Shree Ayurvedic Health Center,"# 155, Ground Floor, G N Chetty Road, T Nagar",Tamil Nadu,Chennai,0,600017,0,0,0,0,0,0,0,0,0,0,0,0,0,0,0,0,0,0,0,0,0,0,0,0,0,0,0,0,0,0,0,0,0,33,603
23909,,"No 53/1 Burkit Road T.Nagar,",Shree Sai Krupa Dental Care,No 53/1 Burkit Road T.Nagar,Tamil Nadu,Chennai,0,600017,0,0,0,0,0,0,0,0,0,0,0,0,0,0,0,0,0,0,0,0,0,0,0,0,0,0,0,0,0,0,0,0,0,33,603
23910,,"Flat No14, Dr No 18, Elegant Apartments, Hindi Prachar Sabha Road, T.Nagar",Sree Ramana Surgical Clinic,"Flat No14, Dr No 18, Elegant Apartments , Hindi Prachar Sabha Road, T.Nagar",Tamil Nadu,Chennai,0,600017,0,0,0,0,0,0,0,0,0,0,0,0,0,0,0,0,0,0,0,0,0,0,0,0,0,0,0,0,0,0,0,0,0,33,603
23911,,"A Unit Of Sre Visa Clinic (P) Ltd, No.13,New Boag Road, T Nagar,",Sri Visa Clinic,"A Unit Of Sre Visa Clinic (P) Ltd, No.13,New Boag Road, T Nagar",Tamil Nadu,Chennai,0,600017,0,0,0,0,0,0,0,0,0,0,0,0,0,0,0,0,0,0,0,0,0,0,0,0,0,0,0,0,0,0,0,0,0,33,603
23912,,"54, G.N. Chetty Road, T Nagar,",Sri Viveka Institute Of Dental Health,"54, G.N. Chetty Road, T Nagar",Tamil Nadu,Chennai,0,600017,0,0,0,0,0,0,0,28155267,0,0,0,0,0,0,0,0,0,0,0,0,0,0,0,0,0,0,0,0,0,0,0,0,0,33,603
23913,,0,Subamathi Clinic,,Tamil Nadu,Chennai,0,600017,0,0,0,0,0,0,0,0,0,0,0,0,0,0,0,0,0,0,0,0,0,0,0,0,0,0,0,0,0,0,0,0,0,33,603
23914,,"24, Gopalakrishna Iyer Street, T.Nagar(Near Ratna Electricals)",The Dental Clinic,"24, Gopalakrishna Iyer Street, T.Nagar(Near Ratna Electricals)",Tamil Nadu,Chennai,0,600017,0,0,0,0,0,0,0,0,0,0,0,0,0,0,0,0,0,0,0,0,0,0,0,0,0,0,0,0,0,0,0,0,0,33,603
23915,,"24, Rameswaram Road, Devinarayan Apts., T.Nagar,",Thulasi Krishna Nursing Home,"24, Rameswaram Road, Devinarayan Apts., T.Nagar",Tamil Nadu,Chennai,0,600017,0,0,0,0,0,0,0,0,0,0,0,0,0,0,0,0,0,0,0,0,0,0,0,0,0,0,0,0,0,0,0,0,0,33,603
23916,,"No. 33, Vadapalani Andavar Koil Street Vadapalani,",Vadapalani Multi Speciality Hospital,"No. 33, Vadapalani Andavar Koil Street Vadapalani",Tamil Nadu,Chennai,0,600017,0,0,0,0,0,0,0,044  24837722,0,0,0,0,0,0,0,0,0,0,0,0,0,0,0,0,0,0,0,0,0,0,0,0,0,33,603
23917,,"4 / 1 & 4/2, Porur Somasundaram, North Usman Road T Nagar,",Women and Children Foundation,"4 / 1 & 4/2 , Porur Somasundaram, North Usman Road T Nagar",Tamil Nadu,Chennai,0,600017,0,0,0,0,0,0,0,0,0,0,0,0,0,0,0,0,0,0,0,0,0,0,0,0,0,0,0,0,0,0,0,0,0,33,603
23918,,"No 17 Cv Raman Road,",Aarthi Scans,No 17 Cv Raman Road,Tamil Nadu,Chennai,0,600018,0,0,0,0,0,0,0,0,0,0,0,0,0,0,0,0,0,0,0,0,0,0,0,0,0,0,0,0,0,0,0,0,0,33,603
23919,,"No. 14, Jayammal Street Teynampat",Apollo Cosmetic Clinic,"No. 14, Jayammal Street Teynampat",Tamil Nadu,Chennai,0,600018,0,0,0,0,0,0,0,0,0,0,0,0,0,0,0,0,0,0,0,0,0,0,0,0,0,0,0,0,0,0,0,0,0,33,603
23920,,"12, C P Ramasamy Road, Alwarpet",Apollo Day Surgery,"12, C P Ramasamy Road, Alwarpet",Tamil Nadu,Chennai,0,600018,0,0,0,0,0,0,0,0,0,0,0,0,0,0,0,0,0,0,0,0,0,0,0,0,0,0,0,0,0,0,0,0,0,33,603
23921,,"24, Kasturi Rangan Road,Near Hotel Citola Sheraton, Teynampet,",Aswene Soundra Hospital and Research Centre,"24, Kasturi Rangan Road,Near Hotel Citola Sheraton, Teynampet",Tamil Nadu,Chennai,0,600018,0,0,0,0,0,0,0,4424992739,0,0,0,0,0,0,0,0,0,0,0,0,0,0,0,0,0,0,0,0,0,0,0,0,0,33,603
23922,,Century Plaza Anna Salai Teynampet,Dr Rai Memrial Medical Centre,Century Plaza Anna Salai Teynampet,Tamil Nadu,Chennai,0,600018,0,0,0,0,0,0,0,0,0,0,0,0,0,0,0,0,0,0,0,0,0,0,0,0,0,0,0,0,0,0,0,0,0,33,603
23923,,123 T.T.K. Rood Alwarpet,Frontline Eye Hospital,123 T.T.K. Rood Alwarpet,Tamil Nadu,Chennai,0,600018,0,0,0,0,0,0,0,0,0,0,0,0,0,0,0,0,0,0,0,0,0,0,0,0,0,0,0,0,0,0,0,0,0,33,603
23924,,"542, Ttk Road, Alwarpet",Harvey Heart Hospital Ltd,"542, Ttk Road, Alwarpet",Tamil Nadu,Chennai,0,600018,0,0,0,0,0,0,0,091 44  24311726,0,0,0,0,0,0,0,0,0,0,0,0,0,0,0,0,0,0,0,0,0,0,0,0,0,33,603
23925,,"No 10 M S Road, Alwarpet",Jayakanthy Polyclinic And Vishnu Infertlilty Center,"No 10 M S Road, Alwarpet",Tamil Nadu,Chennai,0,600018,0,0,0,0,0,0,0,0,0,0,0,0,0,0,0,0,0,0,0,0,0,0,0,0,0,0,0,0,0,0,0,0,0,33,603
23926,,"81, Ttk Road,,Alwarpet.",Kauvery Hospital,"#81, Ttk Road,Alwarpet",Tamil Nadu,Chennai,0,600018,0,0,0,0,0,0,0,0,0,0,0,0,0,0,0,0,0,0,0,0,0,0,0,0,0,0,0,0,0,0,0,0,0,33,603
23927,,T.T.K.Road Alwarpet,Liberty High Scans,T.T.K.Road Alwarpet,Tamil Nadu,Chennai,0,600018,0,0,0,0,0,0,0,0,0,0,0,0,0,0,0,0,0,0,0,0,0,0,0,0,0,0,0,0,0,0,0,0,0,33,603
23928,,"Thoppu"" New No.2,(Old No.64),Dr.Ranga Road, Abiramapuram,",Nandalala Medical Foundation,"Thoppu"" New No.2,(Old No.64),Dr.Ranga Road, Abiramapuram",Tamil Nadu,Chennai,0,600018,0,0,0,0,0,0,0,0,0,0,0,0,0,0,0,0,0,0,0,0,0,0,0,0,0,0,0,0,0,0,0,0,0,33,603
23929,,No.12 Jaffer Serang St. Ii Line Beach,"National Hospital, Chennai","No.12 Jaffer Serang St. Ii Line Beach,",Tamil Nadu,Chennai,0,600018,0,0,0,0,0,0,0,0,0,0,0,0,0,0,0,0,0,0,0,0,0,0,0,0,0,0,0,0,0,0,0,0,0,33,603
23930,,"Thoppu New No 2 (Old No 64) Dr. Ranga Road, Abhiramapuram",Suraksha Ent Care Centre,"Thoppu New No 2 (Old No 64) Dr. Ranga Road, Abhiramapuram",Tamil Nadu,Chennai,0,600018,0,0,0,0,0,0,0,0,0,0,0,0,0,0,0,0,0,0,0,0,0,0,0,0,0,0,0,0,0,0,0,0,0,33,603
23931,,"No. 9, Murrays Gate Road, Alwarpet,Next To Jevnampet Post Office,",Udhi Eye Hospitals,"No. 9, Murrays Gate Road, Alwarpet,Next To Jevnampet Post Office",Tamil Nadu,Chennai,0,600018,0,0,0,0,0,0,0,4442188841,0,0,0,0,0,0,0,0,0,0,0,0,0,0,0,0,0,0,0,0,0,0,0,0,0,33,603
23932,,"58, L.B. Road, Adyar,",Adyaar P.M. Hospital and Research Centr Pvt.Ltd,"# 58, L.B. Road, Adyar",Tamil Nadu,Chennai,0,600020,0,0,0,0,0,0,0,0,0,0,0,0,0,0,0,0,0,0,0,0,0,0,0,0,0,0,0,0,0,0,0,0,0,33,603
23933,,"466, 3Rd Avenue Indira Nagar, Adyar",Gs Hospital,"466, 3Rd Avenue Indira Nagar, Adyar",Tamil Nadu,Chennai,0,600020,0,0,0,0,0,0,0,0,0,0,0,0,0,0,0,0,0,0,0,0,0,0,0,0,0,0,0,0,0,0,0,0,0,33,603
23934,,"New No.10, Old No.20, 3Rd Avenue, Indira Nagar, Adyar,",Lakshmi Maternity Hospital,"New No.10, Old No.20, 3Rd Avenue, Indira Nagar, Adyar",Tamil Nadu,Chennai,0,600020,0,0,0,0,0,0,0,0,0,0,0,0,0,0,0,0,0,0,0,0,0,0,0,0,0,0,0,0,0,0,0,0,0,33,603
23935,,"37, 1St Avenue, Sastri Nagar, Adyar,","Lifeline Cliniq , Adyar","37, 1St Avenue, Sastri Nagar, Adyar",Tamil Nadu,Chennai,0,600020,0,0,0,0,0,0,0,0,0,0,0,0,0,0,0,0,0,0,0,0,0,0,0,0,0,0,0,0,0,0,0,0,0,33,603
23936,,"33, Mahatma Gandhi Road, Sastri Nagar, 2Nd Avenue, Adyar",M N Eye Hospital,"33, Mahatma Gandhi Road, Sastri Nagar, 2Nd Avenue, Adyar",Tamil Nadu,Chennai,0,600020,0,0,0,0,0,0,0,0,0,0,0,0,0,0,0,0,0,0,0,0,0,0,0,0,0,0,0,0,0,0,0,0,0,33,603
23937,,"19/1, 1St Avenue, Shastari Nagar, Adyar,",Menagudy Hospitals India Pvt Ltd,"#19/1, 1St Avenue, Shastari Nagar, Adyar",Tamil Nadu,Chennai,0,600020,0,0,0,0,0,0,0,044  24434447,0,0,0,0,0,0,0,0,0,0,0,0,0,0,0,0,0,0,0,0,0,0,0,0,0,33,603
23938,,"No. -28, 1St Avenue, Indira Nagar, Adyar",Padmapriya Hospital Pvt. Ltd.,"No. -28, 1St Avenue, Indira Nagar, Adyar",Tamil Nadu,Chennai,0,600020,0,0,0,0,0,0,0,0,0,0,0,0,0,0,0,0,0,0,0,0,0,0,0,0,0,0,0,0,0,0,0,0,0,33,603
23939,,"No. 1, 7Th Avenue, Besant Nagar. Near Velankanni Church",Santosh Hospital Pvt Ltd,"No. 1, 7Th Avenue, Besant Nagar. Near Velankanni Church",Tamil Nadu,Chennai,0,600020,0,0,0,0,0,0,0,044  24918622,0,0,0,0,0,0,0,0,0,0,0,0,0,0,0,0,0,0,0,0,0,0,0,0,0,33,603
23940,,"28, First Cross Street, Shastri Nagar Adya (Behind Of Adyas Depot)",Shivasunder Hospital,"28, First Cross Street, Shastri Nagar Adya (Behind Of Adyas Depot)",Tamil Nadu,Chennai,0,600020,0,0,0,0,0,0,0,0,0,0,0,0,0,0,0,0,0,0,0,0,0,0,0,0,0,0,0,0,0,0,0,0,0,33,603
23941,,"1-1, Arunachalam Road, Saligramam",Sooriya Hospital,"1-1, Arunachalam Road, Saligramam",Tamil Nadu,Chennai,0,600020,0,0,0,0,0,0,0,044  23760101,0,0,0,0,0,0,0,0,0,0,0,0,0,0,0,0,0,0,0,0,0,0,0,0,0,33,603
23942,,"17,Iv Main Road,Indira Nagar",Tt Ranganathan Clinical Research Foundation,"17,Iv Main Road,Indira Nagar",Tamil Nadu,Chennai,0,600020,0,0,0,0,0,0,0,24918461,0,0,0,0,0,0,0,0,0,0,0,0,0,0,0,0,0,0,0,0,0,0,0,0,0,33,603
23943,,"No.67, 1St Main Road,Indira Nagar, Adayar",Urology Stone Center,"No.67, 1St Main Road,Indira Nagar, Adayar",Tamil Nadu,Chennai,0,600020,0,0,0,0,0,0,0,0,0,0,0,0,0,0,0,0,0,0,0,0,0,0,0,0,0,0,0,0,0,0,0,0,0,33,603
23944,,"Old No 115/1,New No 22, Kamaraj Avenue 2Nd Street,Adyar",Vasan Eye Care Hospital,"Old No 115/1,New No 22, Kamaraj Avenue 2Nd Street ,Adyar",Tamil Nadu,Chennai,0,600020,0,0,0,0,0,0,0,0,0,0,0,0,0,0,0,0,0,0,0,0,0,0,0,0,0,0,0,0,0,0,0,0,0,33,603
23945,,"172, Solaiappan Stree, Near Maharani Theatre",A.V. Hospital-Chennai,"# 172, Solaiappan Stree, Near Maharani Theatre",Tamil Nadu,Chennai,0,600021,0,0,0,0,0,0,0,25950904,0,0,0,0,0,0,0,0,0,0,0,0,0,0,0,0,0,0,0,0,0,0,0,0,0,33,603
23946,,"26 & 27/1, Telugu Street, Old Washermenpet",Angel Nursing Home,"26 & 27/1, Telugu Street , Old Washermenpet",Tamil Nadu,Chennai,0,600021,0,0,0,0,0,0,0,0,0,0,0,0,0,0,0,0,0,0,0,0,0,0,0,0,0,0,0,0,0,0,0,0,0,33,603
23947,,"New 7, Kooresan Street, Chennai",Ishwarya Nursing Home,"New # 7, Kooresan Street",Tamil Nadu,Chennai,0,600021,0,0,0,0,0,0,0,0,0,0,0,0,0,0,0,0,0,0,0,0,0,0,0,0,0,0,0,0,0,0,0,0,0,33,603
23948,,"53,Thandavaraya Mudali Street,Old Washermanpet",Jayam Nursing Home,"53,Thandavaraya Mudali Street,Old Washermanpet",Tamil Nadu,Chennai,0,600021,0,0,0,0,0,0,0,0,0,0,0,0,0,0,0,0,0,0,0,0,0,0,0,0,0,0,0,0,0,0,0,0,0,33,603
23949,,"Old No.46(New No.24)Rathna Sabapathy Road, Chennai-",M.K.Nursing Home,Old No.46(New No.24)Rathna Sabapathy Road,Tamil Nadu,Chennai,0,600021,0,0,0,0,0,0,0,0,0,0,0,0,0,0,0,0,0,0,0,0,0,0,0,0,0,0,0,0,0,0,0,0,0,33,603
23950,,"116,118, Rajarathinam Saalai, (G.A. Road),",Nagamani Hospitals Private Limited,"# 116,118, Rajarathinam Saalai, (G.A. Road)",Tamil Nadu,Chennai,0,600021,0,0,0,0,0,0,0,044  2596552,0,0,0,0,0,0,0,0,0,0,0,0,0,0,0,0,0,0,0,0,0,0,0,0,0,33,603
23951,,"82, Kappal Polu Street Old Washermenpet",Priya Nursing Home,"82, Kappal Polu Street Old Washermenpet",Tamil Nadu,Chennai,0,600021,0,0,0,0,0,0,0,0,0,0,0,0,0,0,0,0,0,0,0,0,0,0,0,0,0,0,0,0,0,0,0,0,0,33,603
23952,,No 20 Venkatachelam Street,Ram Clinic,No 20 Venkatachelam Street,Tamil Nadu,Chennai,0,600021,0,0,0,0,0,0,0,0,0,0,0,0,0,0,0,0,0,0,0,0,0,0,0,0,0,0,0,0,0,0,0,0,0,33,603
23953,,"No.1, Kaligarayan Street, Iii Lane, Old Washermenpet",Rathenam Nursing Home,"No.1, Kaligarayan Street, Iii Lane, Old Washermenpet",Tamil Nadu,Chennai,0,600021,0,0,0,0,0,0,0,044  25900912,0,0,0,0,0,0,0,0,0,0,0,0,0,0,0,0,0,0,0,0,0,0,0,0,0,33,603
23954,,"10/18, Arumugam Street, Old Washermenpet,",Roselin Gandhi Hospital,"10/18, Arumugam Street, Old Washermenpet",Tamil Nadu,Chennai,0,600021,0,0,0,0,0,0,0,0,0,0,0,0,0,0,0,0,0,0,0,0,0,0,0,0,0,0,0,0,0,0,0,0,0,33,603
23955,,"80, Kappal Polu Street Old Washermenpet",Sanjeevini Nursing Home,"80, Kappal Polu Street Old Washermenpet",Tamil Nadu,Chennai,0,600021,0,0,0,0,0,0,0,2598104,0,0,0,0,0,0,0,0,0,0,0,0,0,0,0,0,0,0,0,0,0,0,0,0,0,33,603
23956,,"32, Cemetry Road Old Washermenpet",Shyamala Nursing Home,"32, Cemetry Road Old Washermenpet",Tamil Nadu,Chennai,0,600021,0,0,0,0,0,0,0,0,0,0,0,0,0,0,0,0,0,0,0,0,0,0,0,0,0,0,0,0,0,0,0,0,0,33,603
23957,,Old No.3/New No. 9 Manikanda Ix Street Chennai,Snn Medicare Centre,Old No.3/New No. 9 Manikanda Ix Street Chennai,Tamil Nadu,Chennai,0,600021,0,0,0,0,0,0,0,0,0,0,0,0,0,0,0,0,0,0,0,0,0,0,0,0,0,0,0,0,0,0,0,0,0,33,603
23958,,"New No 976, Old No 447, T H Road,Old Washermenpet, Opp To Nirmala Silks,Tondiarpet",Vasan Eye Care Hospital,"New No 976, Old No 447, T H Road,Old Washermenpet, Opp To Nirmala Silks,Tondiarpet",Tamil Nadu,Chennai,0,600021,0,0,0,0,0,0,0,0,0,0,0,0,0,0,0,0,0,0,0,0,0,0,0,0,0,0,0,0,0,0,0,0,0,33,603
23959,,"New No:8, Old No:22, 4 Th Cross Street, Trustpuram, Kodambakkam,",Medway Medical Centre,"New No:8, Old No:22, 4 Th Cross Street, Trustpuram, Kodambakkam",Tamil Nadu,Chennai,0,600022,0,0,0,0,0,0,0,0,0,0,0,0,0,0,0,0,0,0,0,0,0,0,0,0,0,0,0,0,0,0,0,0,0,33,603
23960,,"No. 19, Kumaran Nagar, Main Road, Peravallur Peravallur",Shepherd Nursing Home,"No. 19, Kumaran Nagar, Main Road, Peravallur Peravallur",Tamil Nadu,Chennai,0,600022,0,0,0,0,0,0,0,0,0,0,0,0,0,0,0,0,0,0,0,0,0,0,0,0,0,0,0,0,0,0,0,0,0,33,603
23961,,"8, Iii Main Road,Undited India Nagar, Joint Office,Ayanavaram.",A.C. Hospital,"#8, Iii Main Road,Undited India Nagar , Joint Office,Ayanavaram",Tamil Nadu,Chennai,0,600023,0,0,0,0,0,0,0,0,0,0,0,0,0,0,0,0,0,0,0,0,0,0,0,0,0,0,0,0,0,0,0,0,0,33,603
23962,,"45/11,K.H Road,Ayanavaram,Opp T N S C Bank.Near Ayanavaram Signal",Amruth Siddha and Ayurvedic Clinic,"#45/11,K.H Road,Ayanavaram,Opp T N S C Bank.Near Ayanavaram Signal",Tamil Nadu,Chennai,0,600023,0,0,0,0,0,0,0,0,0,0,0,0,0,0,0,0,0,0,0,0,0,0,0,0,0,0,0,0,0,0,0,0,0,33,603
23963,,"No.35, 36, S.S.Davar 6Th Street, Ayanavaram,",Shreyas Health Centre,"No.35, 36, S.S.Davar 6Th Street, Ayanavaram",Tamil Nadu,Chennai,0,600023,0,0,0,0,0,0,0,0,0,0,0,0,0,0,0,0,0,0,0,0,0,0,0,0,0,0,0,0,0,0,0,0,0,33,603
23964,,"No.46, Konnur High Road Ayanavaram",Sri Eshodha Hospital,"No.46, Konnur High Road Ayanavaram",Tamil Nadu,Chennai,0,600023,0,0,0,0,0,0,0,0,0,0,0,0,0,0,0,0,0,0,0,0,0,0,0,0,0,0,0,0,0,0,0,0,0,33,603
23965,,"New No26,Old No16,North Road,Mandavelipakkam",The Base,"New No26,Old No16,North Road,Mandavelipakkam",Tamil Nadu,Chennai,0,600023,0,0,0,0,0,0,0,0,0,0,0,0,0,0,0,0,0,0,0,0,0,0,0,0,0,0,0,0,0,0,0,0,0,33,603
23966,,"N0 122,Medavakkam Tank Road,Ayanavaram",Trust Hospital,"N0 122,Medavakkam Tank Road,Ayanavaram",Tamil Nadu,Chennai,0,600023,0,0,0,0,0,0,0,0,0,0,0,0,0,0,0,0,0,0,0,0,0,0,0,0,0,0,0,0,0,0,0,0,0,33,603
23967,,"No 19/2 L&T Colony,Vijay Nagar",Bhatia Hospital,"No 19/2 L&T Colony,Vijay Nagar",Tamil Nadu,Chennai,0,600024,0,0,0,0,0,0,0,0,0,0,0,0,0,0,0,0,0,0,0,0,0,0,0,0,0,0,0,0,0,0,0,0,0,33,603
23968,,"31, Railway Border Road, Kodambakkam,",J. V. Hospitals Llp,"31, Railway Border Road, Kodambakkam",Tamil Nadu,Chennai,0,600024,0,0,0,0,0,0,0,044  24833998,0,0,0,0,0,0,0,0,0,0,0,0,0,0,0,0,0,0,0,0,0,0,0,0,0,33,603
23969,,"Vijaya Health Centre, S K Salai Vadapalani",Madras Institute Of Nephrology,"Vijaya Health Centre, S K Salai Vadapalani",Tamil Nadu,Chennai,0,600024,0,0,0,0,0,0,0,0,0,0,0,0,0,0,0,0,0,0,0,0,0,0,0,0,0,0,0,0,0,0,0,0,0,33,603
23970,,5 Kannadasan St.Ranga Rajapuram Chennai,Madras Poly Clinic and R.R.Scan,5 Kannadasan St.Ranga Rajapuram,Tamil Nadu,Chennai,0,600024,0,0,0,0,0,0,0,0,0,0,0,0,0,0,0,0,0,0,0,0,0,0,0,0,0,0,0,0,0,0,0,0,0,33,603
23971,,"New No: 177, Old No:77, Rangarajapuram Road, Kodambakkam,",S.V. Bone And Joint Hospital,"New No: 177, Old No:77, Rangarajapuram Road, Kodambakkam",Tamil Nadu,Chennai,0,600024,0,0,0,0,0,0,0,044  24723166,0,0,0,0,0,0,0,0,0,0,0,0,0,0,0,0,0,0,0,0,0,0,0,0,0,33,603
23972,,"No.36, Dr. Ambedkar Road, Kodambakkam,",Spot Hospital,"No.36, Dr. Ambedkar Road, Kodambakkam",Tamil Nadu,Chennai,0,600024,0,0,0,0,0,0,0,0,0,0,0,0,0,0,0,0,0,0,0,0,0,0,0,0,0,0,0,0,0,0,0,0,0,33,603
23973,,"47, Railway Station Road, Near Post Office, Kodambakkam",Srinivasa Hospital P P N,"47, Railway Station Road, Near Post Office, Kodambakkam",Tamil Nadu,Chennai,0,600024,0,0,0,0,0,0,0,4558 8850,0,0,0,0,0,0,0,0,0,0,0,0,0,0,0,0,0,0,0,0,0,0,0,0,0,33,603
23974,,"9, Vellala Street, Kodambakkam,",The Best Hospital Private Limited,"# 9, Vellala Street, Kodambakkam",Tamil Nadu,Chennai,0,600024,0,0,0,0,0,0,0,0,0,0,0,0,0,0,0,0,0,0,0,0,0,0,0,0,0,0,0,0,0,0,0,0,0,33,603
23975,,"5, First Street, Taylors Estate, Kodambakkam,",Thulasi Krishna Nursing Home,"# 5, First Street, Taylors Estate, Kodambakkam",Tamil Nadu,Chennai,0,600024,0,0,0,0,0,0,0,0,0,0,0,0,0,0,0,0,0,0,0,0,0,0,0,0,0,0,0,0,0,0,0,0,0,33,603
23976,,"N0O-10, Jawahar Lal Nehru Road",Aakash Fertility Center and Hospital,"N0O-10, Jawahar Lal Nehru Road",Tamil Nadu,Chennai,0,600026,0,0,0,0,0,0,0,0,0,0,0,0,0,0,0,0,0,0,0,0,0,0,0,0,0,0,0,0,0,0,0,0,0,33,603
23977,,"47/1, Jawaharlal Nehru Road, 100Ft Road, Vadapalani",Apollo Medical Center [Vadapalani],"47/1, Jawaharlal Nehru Road, 100Ft Road, Vadapalani",Tamil Nadu,Chennai,0,600026,0,0,0,0,0,0,0,0,0,0,0,0,0,0,0,0,0,0,0,0,0,0,0,0,0,0,0,0,0,0,0,0,0,33,603
23978,,"Newno. 42, Oldno. 60, Jawaharlal Nehru 100Ft Road, Vadapalani",PandG Nursing Home,"Newno. 42, Oldno. 60, Jawaharlal Nehru 100Ft Road, Vadapalani",Tamil Nadu,Chennai,0,600026,0,0,0,0,0,0,0,0,0,0,0,0,0,0,0,0,0,0,0,0,0,0,0,0,0,0,0,0,0,0,0,0,0,33,603
23979,,"175, N.S.K. Salai, Vadapalani, Chennai",Paterson Cancer Center / Vijaya Health Centre Premises,"175, N.S.K. Salai, Vadapalani",Tamil Nadu,Chennai,0,600026,0,0,0,0,0,0,0,044  24724292,0,0,0,0,0,0,0,0,0,0,0,0,0,0,0,0,0,0,0,0,0,0,0,0,0,33,603
23980,,"No. 1, Duraiswamy Road, Near Vadapalani Temple",S K Nursing Home Pvt Ltd,"No. 1, Duraiswamy Road, Near Vadapalani Temple",Tamil Nadu,Chennai,0,600026,0,0,0,0,0,0,0,0,0,0,0,0,0,0,0,0,0,0,0,0,0,0,0,0,0,0,0,0,0,0,0,0,0,33,603
23981,,"68, South Sivankoil Street, Saidapet Road, Vadapalani",Smv Nursing Home,"68, South Sivankoil Street, Saidapet Road, Vadapalani",Tamil Nadu,Chennai,0,600026,0,0,0,0,0,0,0,0,0,0,0,0,0,0,0,0,0,0,0,0,0,0,0,0,0,0,0,0,0,0,0,0,0,33,603
23982,,"No. 23/3, 4Th Street, Thiru Nagar, Vdapalani",Sri Sai Joint and Bone Centre and Nursing Home,"No. 23/3, 4Th Street, Thiru Nagar, Vdapalani",Tamil Nadu,Chennai,0,600026,0,0,0,0,0,0,0,0,0,0,0,0,0,0,0,0,0,0,0,0,0,0,0,0,0,0,0,0,0,0,0,0,0,33,603
23983,,"No.76,Nelson Manickam Road, Aminjikaral,",Tamilnadu Urological Research Centre,"No.76,Nelson Manickam Road, Aminjikaral",Tamil Nadu,Chennai,0,600026,0,0,0,0,0,0,0,0,0,0,0,0,0,0,0,0,0,0,0,0,0,0,0,0,0,0,0,0,0,0,0,0,0,33,603
23984,,"D No 154/2, Aroot Road, Vadapalani Vadapalani",Vasan Eye Care Hospital,"D No 154/2, Aroot Road, Vadapalani Vadapalani",Tamil Nadu,Chennai,0,600026,0,0,0,0,0,0,0,0,0,0,0,0,0,0,0,0,0,0,0,0,0,0,0,0,0,0,0,0,0,0,0,0,0,33,603
23985,,"180, Nsk Salai, Vadapalani",Vijaya Heart Foundation - Vijaya Hospital,"180, Nsk Salai, Vadapalani",Tamil Nadu,Chennai,0,600026,0,0,0,0,0,0,0,0,0,0,0,0,0,0,0,0,0,0,0,0,0,0,0,0,0,0,0,0,0,0,0,0,0,33,603
23986,,"No.175, N.S.K.Salai, Vadapalani",Vijaya Institute Of Trauma and Orthopadics,"No.175, N.S.K.Salai, Vadapalani",Tamil Nadu,Chennai,0,600026,0,0,0,0,0,0,0,0,0,0,0,0,0,0,0,0,0,0,0,0,0,0,0,0,0,0,0,0,0,0,0,0,0,33,603
23987,,"170, R.K. Mutt Road, Mandaveli, Chennai.",Anns Homoeo Clinic,"170, R.K. Mutt Road, Mandaveli",Tamil Nadu,Chennai,0,600028,0,0,0,0,0,0,0,0,0,0,0,0,0,0,0,0,0,0,0,0,0,0,0,0,0,0,0,0,0,0,0,0,0,33,603
23988,,"11, Durgabai Deshmukh Road, Raja Annamalai Puram",Aswatha Eye Department,"11, Durgabai Deshmukh Road, Raja Annamalai Puram",Tamil Nadu,Chennai,0,600028,0,0,0,0,0,0,0,0,0,0,0,0,0,0,0,0,0,0,0,0,0,0,0,0,0,0,0,0,0,0,0,0,0,33,603
23989,,"200, Ramakrishnan Mutt Road, Mandaveli,",B.S.S.Hospital,"200, Ramakrishnan Mutt Road, Mandaveli",Tamil Nadu,Chennai,0,600028,0,0,0,0,0,0,0,0,0,0,0,0,0,0,0,0,0,0,0,0,0,0,0,0,0,0,0,0,0,0,0,0,0,33,603
23990,,"52, Raja Annamalai Puram, Chennai,",Chennai Kaliappa Hospital,"#52, Raja Annamalai Puram",Tamil Nadu,Chennai,0,600028,0,0,0,0,0,0,0,044  24615742,0,0,0,0,0,0,0,0,0,0,0,0,0,0,0,0,0,0,0,0,0,0,0,0,0,33,603
23991,,"No:12/2, Bagirathi Ammal Street, C P Ramasamy Road, R.A.Puram",Chennai Skin Foundation and Yesudian Research Instit,"No:12/2, Bagirathi Ammal Street, C P Ramasamy Road, R.A.Puram",Tamil Nadu,Chennai,0,600028,0,0,0,0,0,0,0,0,0,0,0,0,0,0,0,0,0,0,0,0,0,0,0,0,0,0,0,0,0,0,0,0,0,33,603
23992,,"No 11, 12, Dr Durgabai Deshmukh Road,R. A .Puram",Durgabai Deshmukh General Hospital and Research Centre / Andhra Mahila Sabha,"No 11, 12, Dr Durgabai Deshmukh Road,R. A .Puram",Tamil Nadu,Chennai,0,600028,0,0,0,0,0,0,0,4424611384,0,0,0,0,0,0,0,0,0,0,0,0,0,0,0,0,0,0,0,0,0,0,0,0,0,33,603
23993,,No 5 School View Road R K Nagar,Indira Eye Hospital,No 5 School View Road R K Nagar,Tamil Nadu,Chennai,0,600028,0,0,0,0,0,0,0,0,0,0,0,0,0,0,0,0,0,0,0,0,0,0,0,0,0,0,0,0,0,0,0,0,0,33,603
23994,,"11, Durgabai Deshmukh Road, Raja Annamalai Puram",Ishwari Prasad Datthaireya Orthopedic Center,"11, Durgabai Deshmukh Road, Raja Annamalai Puram",Tamil Nadu,Chennai,0,600028,0,0,0,0,0,0,0,0,0,0,0,0,0,0,0,0,0,0,0,0,0,0,0,0,0,0,0,0,0,0,0,0,0,33,603
23995,,"No. 38/56, Venkatakrishna Road, Mandavelli,",Janamma Hospital,"No. 38/56, Venkatakrishna Road, Mandavelli",Tamil Nadu,Chennai,0,600028,0,0,0,0,0,0,0,0,0,0,0,0,0,0,0,0,0,0,0,0,0,0,0,0,0,0,0,0,0,0,0,0,0,33,603
23996,,"12, Norton 3Rd Lane Mandavelipakkam",Jaya Eye Clinic,"12, Norton 3Rd Lane Mandavelipakkam",Tamil Nadu,Chennai,0,600028,0,0,0,0,0,0,0,0,0,0,0,0,0,0,0,0,0,0,0,0,0,0,0,0,0,0,0,0,0,0,0,0,0,33,603
23997,,"No.43,Second Main Road,R A Puram.",Kaliappa Renal Center,"No.43,Second Main Road,R A Puram",Tamil Nadu,Chennai,0,600028,0,0,0,0,0,0,0,24615742,0,0,0,0,0,0,0,0,0,0,0,0,0,0,0,0,0,0,0,0,0,0,0,0,0,33,603
23998,,"No. 1, 1 Cross Street, Off Ii Main Road, Raja Annamalaipuram,",Madras Ent Research Foundation Pvt Ltd,"No. 1, 1 Cross Street, Off Ii Main Road, Raja Annamalaipuram",Tamil Nadu,Chennai,0,600028,0,0,0,0,0,0,0,044  24311416,0,0,0,0,0,0,0,0,0,0,0,0,0,0,0,0,0,0,0,0,0,0,0,0,0,33,603
23999,,"73 Venkatakrishna Road, Ra Puram,",Navasuja Sankara Nethralaya,"73 Venkatakrishna Road, Ra Puram",Tamil Nadu,Chennai,0,600028,0,0,0,0,0,0,0,0,0,0,0,0,0,0,0,0,0,0,0,0,0,0,0,0,0,0,0,0,0,0,0,0,0,33,603
24000,,"No.22,2Nd Main Road,R.A. Puram",Prakriti Ayurvedic Center,"No.22,2Nd Main Road,R.A. Puram",Tamil Nadu,Chennai,0,600028,0,0,0,0,0,0,0,0,0,0,0,0,0,0,0,0,0,0,0,0,0,0,0,0,0,0,0,0,0,0,0,0,0,33,603
24001,,"No:14, Bagirathiammal Street, R.A.Puram,",Rupa Clinic and Nursing Home,"No:14, Bagirathiammal Street, R.A.Puram",Tamil Nadu,Chennai,0,600028,0,0,0,0,0,0,0,0,0,0,0,0,0,0,0,0,0,0,0,0,0,0,0,0,0,0,0,0,0,0,0,0,0,33,603
24002,,"12/2, Southcanalbankroad, Mandaveli.",Sanjay E N T Hospital,"12/2, Southcanalbankroad, Mandaveli",Tamil Nadu,Chennai,0,600028,0,0,0,0,0,0,0,0,0,0,0,0,0,0,0,0,0,0,0,0,0,0,0,0,0,0,0,0,0,0,0,0,0,33,603
24003,,"D.No.2,Plo No 86 V.V.Giri Salai Vivekanand Nagar",Sri Durga Health Centre,"D.No.2,Plo No 86 V.V.Giri Salai Vivekanand Nagar",Tamil Nadu,Chennai,0,600028,0,0,0,0,0,0,0,0,0,0,0,0,0,0,0,0,0,0,0,0,0,0,0,0,0,0,0,0,0,0,0,0,0,33,603
24004,,"No 4/30, Devanathan Road, Mandevalli,Near Mandaveli Bus Terminus",Sri Ranga Hospitals,"No 4/30, Devanathan Road, Mandevalli,Near Mandaveli Bus Terminus",Tamil Nadu,Chennai,0,600028,0,0,0,0,0,0,0,0,0,0,0,0,0,0,0,0,0,0,0,0,0,0,0,0,0,0,0,0,0,0,0,0,0,33,603
24005,,"Old No -15 /New 26-28, Norton Road,",The Surgical Clinic and Nursing Home,"Old No -15 /New 26-28, Norton Road",Tamil Nadu,Chennai,0,600028,0,0,0,0,0,0,0,0,0,0,0,0,0,0,0,0,0,0,0,0,0,0,0,0,0,0,0,0,0,0,0,0,0,33,603
24006,,"14/2, Devanandan Street, Mandavalli",Y V K Hospital Enterprises Pvt Ltd,"14/2, Devanandan Street, Mandavalli",Tamil Nadu,Chennai,0,600028,0,0,0,0,0,0,0,0,0,0,0,0,0,0,0,0,0,0,0,0,0,0,0,0,0,0,0,0,0,0,0,0,0,33,603
24007,,"360, P.H. Road,Jn Of P.H. Road And, Nelson Manickam Road, Aminjikarai,",A.K. Hospital,"# 360, P.H. Road,Jn Of P.H. Road And, Nelson Manickam Road, Aminjikarai",Tamil Nadu,Chennai,0,600029,0,0,0,0,0,0,0,044  23744863,0,0,0,0,0,0,0,0,0,0,0,0,0,0,0,0,0,0,0,0,0,0,0,0,0,33,603
24008,,"729, P.H. Road,Near Pachaiappa's College,Aminjikarai.",Dr. Seshiah Diabetes Research Institute and Dr. Balaji Diabetes Care Centre,"#729, P.H. Road, ,Near Pachaiappa's College,Aminjikarai",Tamil Nadu,Chennai,0,600029,0,0,0,0,0,0,0,0,0,0,0,0,0,0,0,0,0,0,0,0,0,0,0,0,0,0,0,0,0,0,0,0,0,33,603
24009,,"New No. 12 Old No.20, Govindan Street Ayyavoo, Naidu Colony, Aminjikarai",M.R. Hospital,"New No. 12 Old No.20, Govindan Street Ayyavoo, Naidu Colony, Aminjikarai",Tamil Nadu,Chennai,0,600029,0,0,0,0,0,0,0,0,0,0,0,0,0,0,0,0,0,0,0,0,0,0,0,0,0,0,0,0,0,0,0,0,0,33,603
24010,,"No.12/16, New Natarajapuram, Aminjikarai,",Peoples Nursing Home,"No.12/16, New Natarajapuram, Aminjikarai",Tamil Nadu,Chennai,0,600029,0,0,0,0,0,0,0,0,0,0,0,0,0,0,0,0,0,0,0,0,0,0,0,0,0,0,0,0,0,0,0,0,0,33,603
24011,,"43, Lakshmi Talkies Road,Shenoy Ngr., Opposite Poonamallee High Road,",Billroth Hospitals Limited,"43, Lakshmi Talkies Road,Shenoy Ngr., Opposite Poonamallee High Road",Tamil Nadu,Chennai,0,600030,0,0,0,0,0,0,0,0,0,0,0,0,0,0,0,0,0,0,0,0,0,0,0,0,0,0,0,0,0,0,0,0,0,33,603
24012,,"No:6, Kanniamman Koil Street,Parllel To Billroth Hospital,Shenoy Nagar.",Mu.Va. Hospital And Speciality Centre,"No:6, Kanniamman Koil Street,Parllel To Billroth Hospital,Shenoy Nagar",Tamil Nadu,Chennai,0,600030,0,0,0,0,0,0,0,0,0,0,0,0,0,0,0,0,0,0,0,0,0,0,0,0,0,0,0,0,0,0,0,0,0,33,603
24013,,"72, Spur Tank Road,Chetpet",Bethany Health Care Centre,"72, Spur Tank Road,Chetpet",Tamil Nadu,Chennai,0,600031,0,0,0,0,0,0,0,0,0,0,0,0,0,0,0,0,0,0,0,0,0,0,0,0,0,0,0,0,0,0,0,0,0,33,603
24014,,"No.2 (E), Mcnichols Road, 3 Lane, Chetpet,",Dr. Mehta`S Hospitals Pvt Ltd,"No.2 (E), Mcnichols Road, 3 Lane, Chetpet",Tamil Nadu,Chennai,0,600031,0,0,0,0,0,0,0,044  42271217,0,0,0,0,0,0,0,0,0,0,0,0,0,0,0,0,0,0,0,0,0,0,0,0,0,33,603
24015,,"10-A, Dr. Guruswamy Road, Chetpet",Josephs Nursing Home,"10-A, Dr. Guruswamy Road, Chetpet",Tamil Nadu,Chennai,0,600031,0,0,0,0,0,0,0,0,0,0,0,0,0,0,0,0,0,0,0,0,0,0,0,0,0,0,0,0,0,0,0,0,0,33,603
24016,,"9, Pachaiyappa College Hostel Road Chetpet",Padmini Nursing Home,"9, Pachaiyappa College Hostel Road Chetpet",Tamil Nadu,Chennai,0,600031,0,0,0,0,0,0,0,26427344,0,0,0,0,0,0,0,0,0,0,0,0,0,0,0,0,0,0,0,0,0,0,0,0,0,33,603
24017,,"No.77 Harrington Road, Chetpet,",Prashanth Multispeciality Hospital,"No.77 Harrington Road, Chetpet",Tamil Nadu,Chennai,0,600031,0,0,0,0,0,0,0,044  28363516,0,0,0,0,0,0,0,0,0,0,0,0,0,0,0,0,0,0,0,0,0,0,0,0,0,33,603
24018,,"49/2,Harrington Road,Chetput Chennai",Psymed Hospiyal,"49/2,Harrington Road,Chetput",Tamil Nadu,Chennai,0,600031,0,0,0,0,0,0,0,0,0,0,0,0,0,0,0,0,0,0,0,0,0,0,0,0,0,0,0,0,0,0,0,0,0,33,603
24019,,"No. 11, M C. Nichols Road, 4Th Lane, Opposite To Chetpet Police Station Chetpet",Sri Sainath Hospital and Research Institute,"No. 11, M C. Nichols Road, 4Th Lane, Opposite To Chetpet Police Station Chetpet",Tamil Nadu,Chennai,0,600031,0,0,0,0,0,0,0,0,0,0,0,0,0,0,0,0,0,0,0,0,0,0,0,0,0,0,0,0,0,0,0,0,0,33,603
24020,,"13, East Spurtank Road, Chetpet",Vasantha Subramanian Hospitals Pvt Ltd,"13, East Spurtank Road, Chetpet",Tamil Nadu,Chennai,0,600031,0,0,0,0,0,0,0,0,0,0,0,0,0,0,0,0,0,0,0,0,0,0,0,0,0,0,0,0,0,0,0,0,0,33,603
24021,,"10, Dr. Guruswamy Road, Chetpet,",Zubeda Hospitals Ltd.,"# 10, Dr. Guruswamy Road, Chetp",Tamil Nadu,Chennai,0,600031,0,0,0,0,0,0,0,044  42859442,0,0,0,0,0,0,0,0,0,0,0,0,0,0,0,0,0,0,0,0,0,0,0,0,0,33,603
24022,,"No. 1, Lawyer Jaganathan Street, Guindy,",Balaji Hospital (P) Ltd.,"No. 1, Lawyer Jaganathan Street, Guindy",Tamil Nadu,Chennai,0,600032,0,0,0,0,0,0,0,0,0,0,0,0,0,0,0,0,0,0,0,0,0,0,0,0,0,0,0,0,0,0,0,0,0,33,603
24023,,"S7,Thiru Vi Ka Industrial Estate, Guindy, Chennai-32.",Bharat Specialities Lab,"S7,Thiru Vi Ka Industrial Estate, Guindy, Chennai-32",Tamil Nadu,Chennai,0,600032,0,0,0,0,0,0,0,0,0,0,0,0,0,0,0,0,0,0,0,0,0,0,0,0,0,0,0,0,0,0,0,0,0,33,603
24024,,"Noble Marine Tower No.62, No.62 Mount Road Guindy",Concept Medicare India Pvt. Ltd.,"Noble Marine Tower No.62 , No.62 Mount Road Guindy",Tamil Nadu,Chennai,0,600032,0,0,0,0,0,0,0,0,0,0,0,0,0,0,0,0,0,0,0,0,0,0,0,0,0,0,0,0,0,0,0,0,0,33,603
24025,,"6,Kanniamman,Koil Street,Shenoy Nagar",Dr.Mu.Va.Hospital,"6,Kanniamman,Koil Street,Shenoy Nagar",Tamil Nadu,Chennai,0,600032,0,0,0,0,0,0,0,0,0,0,0,0,0,0,0,0,0,0,0,0,0,0,0,0,0,0,0,0,0,0,0,0,0,33,603
24026,,"22/12, G.S.T Road, Guindy, Chennai",Mina Nursing Home,"22/12, G.S.T Road, Guindy",Tamil Nadu,Chennai,0,600032,0,0,0,0,0,0,0,0,0,0,0,0,0,0,0,0,0,0,0,0,0,0,0,0,0,0,0,0,0,0,0,0,0,33,603
24027,,"No:5/4, 3Rd Cross Street, Balaji Nagar, Ekkattuthangal",Mother and Child Care Clinic,"No:5/4, 3Rd Cross Street, Balaji Nagar , Ekkattuthangal",Tamil Nadu,Chennai,0,600032,0,0,0,0,0,0,0,0,0,0,0,0,0,0,0,0,0,0,0,0,0,0,0,0,0,0,0,0,0,0,0,0,0,33,603
24028,,"No.51/3 Cart Truck Road, Maduvankarai,Near Beta Matriculation School Guindy",N.K Clinic,"No.51/3 Cart Truck Road, Maduvankarai,Near Beta Matriculation School Guindy",Tamil Nadu,Chennai,0,600032,0,0,0,0,0,0,0,0,0,0,0,0,0,0,0,0,0,0,0,0,0,0,0,0,0,0,0,0,0,0,0,0,0,33,603
24029,,"No.1 Lawyer Jagnathan Street, Guindy",Sri Balaji Hospital P Ltd,"No.1 Lawyer Jagnathan Street, Guindy",Tamil Nadu,Chennai,0,600032,0,0,0,0,0,0,0,044  22324570,0,0,0,0,0,0,0,0,0,0,0,0,0,0,0,0,0,0,0,0,0,0,0,0,0,33,603
24030,,"27, Govindan Raod, West Mambalam, Near Srinivasa Theatre",Annamalai Hospital,"# 27, Govindan Raod, West Mambalam, Near Srinivasa Theatre",Tamil Nadu,Chennai,0,600033,0,0,0,0,0,0,0,0,0,0,0,0,0,0,0,0,0,0,0,0,0,0,0,0,0,0,0,0,0,0,0,0,0,33,603
24031,,18 Rukmani Street West Mambalam,C.S.M.Nursing Home,18 Rukmani Street West Mambalam,Tamil Nadu,Chennai,0,600033,0,0,0,0,0,0,0,0,0,0,0,0,0,0,0,0,0,0,0,0,0,0,0,0,0,0,0,0,0,0,0,0,0,33,603
24032,,"No. 27, Govindan Road, West Mambalam",Dr. Rm. Annamalai Clinic Family Health Care Centre,"No. 27, Govindan Road, West Mambalam",Tamil Nadu,Chennai,0,600033,0,0,0,0,0,0,0,0,0,0,0,0,0,0,0,0,0,0,0,0,0,0,0,0,0,0,0,0,0,0,0,0,0,33,603
24033,,"No. 47, Govindan Road, West Mambalam, Near Srinivasa Theatre,",Lakshmi Hospital,"No. 47, Govindan Road, West Mambalam, Near Srinivasa Theatre",Tamil Nadu,Chennai,0,600033,0,0,0,0,0,0,0,0,0,0,0,0,0,0,0,0,0,0,0,0,0,0,0,0,0,0,0,0,0,0,0,0,0,33,603
24034,,"No.62, Brindavan Street, West Mambalam, Espee Complex",Panacea Biotec Ltd.,"No.62, Brindavan Street, West Mambalam, Espee Complex",Tamil Nadu,Chennai,0,600033,0,0,0,0,0,0,0,0,0,0,0,0,0,0,0,0,0,0,0,0,0,0,0,0,0,0,0,0,0,0,0,0,0,33,603
24035,,"174, Lake View Road,West Mambalam,Near Ayodhya Mandapam.",Public Health Centre,"174, Lake View Road,West Mambalam,Near Ayodhya Mandapam",Tamil Nadu,Chennai,0,600033,0,0,0,0,0,0,0,0,0,0,0,0,0,0,0,0,0,0,0,0,0,0,0,0,0,0,0,0,0,0,0,0,0,33,603
24036,,"No. 68, Thambiah Road West, Mambalam",S R M Hospital,"No. 68, Thambiah Road West, Mambalam",Tamil Nadu,Chennai,0,600033,0,0,0,0,0,0,0,0,0,0,0,0,0,0,0,0,0,0,0,0,0,0,0,0,0,0,0,0,0,0,0,0,0,33,603
24037,,"No.49, Umapathy Street, Arya Gowda Road, West Mambalam",Spectra Laboratories,"No.49, Umapathy Street, Arya Gowda Road, West Mambalam",Tamil Nadu,Chennai,0,600033,0,0,0,0,0,0,0,0,0,0,0,0,0,0,0,0,0,0,0,0,0,0,0,0,0,0,0,0,0,0,0,0,0,33,603
24038,,"New 4, Old 108,Ellai Amman Koil Street,West Mambalam",Sree Chakra Maternity Clinic,"New # 4, Old# 108,Ellai Amman Koil Street,West Mambalam",Tamil Nadu,Chennai,0,600033,0,0,0,0,0,0,0,0,0,0,0,0,0,0,0,0,0,0,0,0,0,0,0,0,0,0,0,0,0,0,0,0,0,33,603
24039,,"45 Jubilee Road, West Mambalam",Sulochana Dental Care Center,"# 45 Jubilee Road, West Mambalam",Tamil Nadu,Chennai,0,600033,0,0,0,0,0,0,0,0,0,0,0,0,0,0,0,0,0,0,0,0,0,0,0,0,0,0,0,0,0,0,0,0,0,33,603
24040,,"No.7, Varadappan Street,West Mambalam.","Vasanthram Hospital (P) Ltd.,","No.7, Varadappan Street,West Mambalam",Tamil Nadu,Chennai,0,600033,0,0,0,0,0,0,0,0,0,0,0,0,0,0,0,0,0,0,0,0,0,0,0,0,0,0,0,0,0,0,0,0,0,33,603
24041,,No 5 Thirumurthy Nagar 6Th Street Nungambakkam,Acharya Dental Clinic,No 5 Thirumurthy Nagar 6Th Street Nungambakkam,Tamil Nadu,Chennai,0,600034,0,0,0,0,0,0,0,28269692,0,0,0,0,0,0,0,0,0,0,0,0,0,0,0,0,0,0,0,0,0,0,0,0,0,33,603
24042,,"28, Cathedral Garden Road, Nungambakkam,",B.R.S. Hospital Pvt. Ltd.,"28, Cathedral Garden Road, Nungambakkam",Tamil Nadu,Chennai,0,600034,0,0,0,0,0,0,0,"28221947, 28221947",0,0,0,0,0,0,0,0,0,0,0,0,0,0,0,0,0,0,0,0,0,0,0,0,0,33,603
24043,,"No.30C, Cathedral Garden Road, Nungambakkam",Chitra's Ent Laser Hospital,"No.30C, Cathedral Garden Road, Nungambakkam",Tamil Nadu,Chennai,0,600034,0,0,0,0,0,0,0,0,0,0,0,0,0,0,0,0,0,0,0,0,0,0,0,0,0,0,0,0,0,0,0,0,0,33,603
24044,,"6E, Nungambakkam High Road",Fertility Research Centre,"6E, Nungambakkam High Road",Tamil Nadu,Chennai,0,600034,0,0,0,0,0,0,0,0,0,0,0,0,0,0,0,0,0,0,0,0,0,0,0,0,0,0,0,0,0,0,0,0,0,33,603
24045,,"6-E,Nungambakkam High Road,",G.G.Hospital,"6-E,Nungambakkam High Road",Tamil Nadu,Chennai,0,600034,0,0,0,0,0,0,0,2.83E+15,0,0,0,0,0,0,0,0,0,0,0,0,0,0,0,0,0,0,0,0,0,0,0,0,0,33,603
24046,,"No 3 Jagannathan Road,Nungambakkam",Lister Metropolis LaboratoryandResearch Centre Pvt.Ltd.,"No 3 Jagannathan Road,Nungambakkam",Tamil Nadu,Chennai,0,600034,0,0,0,0,0,0,0,0,0,0,0,0,0,0,0,0,0,0,0,0,0,0,0,0,0,0,0,0,0,0,0,0,0,33,603
24047,,"83, Valluvarkottam High Road ( Village Road)",Medindia Hospitals,"83, Valluvarkottam High Road ( Village Road)",Tamil Nadu,Chennai,0,600034,0,0,0,0,0,0,0,044    28261122,0,0,0,0,0,0,0,0,0,0,0,0,0,0,0,0,0,0,0,0,0,0,0,0,0,33,603
24048,,"No.27, Pushpanagar, 1St Street, Nungabakkam,",Sasthalaya Hospital,"No.27, Pushpanagar, 1St Street, Nungabakkam",Tamil Nadu,Chennai,0,600034,0,0,0,0,0,0,0,0,0,0,0,0,0,0,0,0,0,0,0,0,0,0,0,0,0,0,0,0,0,0,0,0,0,33,603
24049,,"12-A, Nageswara Road, Nungambakkam",The Child Trust Medical Research Foundation,"12-A, Nageswara Road, Nungambakkam",Tamil Nadu,Chennai,0,600034,0,0,0,0,0,0,0,0,0,0,0,0,0,0,0,0,0,0,0,0,0,0,0,0,0,0,0,0,0,0,0,0,0,33,603
24050,,"No. 12A, Nageswara Road, Nungambakkam",The Kanchi Kamkoti Child Trust Hospital,"No. 12A, Nageswara Road, Nungambakkam",Tamil Nadu,Chennai,0,600034,0,0,0,0,0,0,0,0,0,0,0,0,0,0,0,0,0,0,0,0,0,0,0,0,0,0,0,0,0,0,0,0,0,33,603
24051,,"7, Subbaraya Street, Nungambakkam, Chennai - 600 034",The Kasturba Nurshing Home,"7, Subbaraya Street, Nungambakkam",Tamil Nadu,Chennai,0,600034,0,0,0,0,0,0,0,0,0,0,0,0,0,0,0,0,0,0,0,0,0,0,0,0,0,0,0,0,0,0,0,0,0,33,603
24052,,"No.6, 9Th Street Nandaram Extn, OppositeTo Icici Bank,",R.S.P. Hospital,"No.6, 9Th Street Nandaram Extn, OppositeTo Icici Bank",Tamil Nadu,Chennai,0,600035,0,0,0,0,0,0,0,0,0,0,0,0,0,0,0,0,0,0,0,0,0,0,0,0,0,0,0,0,0,0,0,0,0,33,603
24053,,"121-A(New No-36A), Chamiers Road, Nandanam,",Venkataeswara Hospitals,"121-A(New No-36A), Chamiers Road, Nandanam",Tamil Nadu,Chennai,0,600035,0,0,0,0,0,0,0,0,0,0,0,0,0,0,0,0,0,0,0,0,0,0,0,0,0,0,0,0,0,0,0,0,0,33,603
24054,,"39, West Road, West Cit Nagar",Vijay's Nursing Home,"39, West Road, West Cit Nagar",Tamil Nadu,Chennai,0,600035,0,0,0,0,0,0,0,0,0,0,0,0,0,0,0,0,0,0,0,0,0,0,0,0,0,0,0,0,0,0,0,0,0,33,603
24055,,"No.38/40, Muthumudali Street, Vysarpadi",Dr M.V.R. Health Centre and Child Care Hospital,"No.38/40, Muthumudali Street, Vysarpadi",Tamil Nadu,Chennai,0,600039,0,0,0,0,0,0,0,0,0,0,0,0,0,0,0,0,0,0,0,0,0,0,0,0,0,0,0,0,0,0,0,0,0,33,603
24056,,"10A/3 I Cross Street, M K B Nagar",Nalamm Hospital Pvt Ltd,"10A/3 I Cross Street, M K B Nagar",Tamil Nadu,Chennai,0,600039,0,0,0,0,0,0,0,0,0,0,0,0,0,0,0,0,0,0,0,0,0,0,0,0,0,0,0,0,0,0,0,0,0,33,603
24057,,"645&646, T H Road, Tondiarpet",Apollo Hospitals,"645&646, T H Road, Tondiarpet",Tamil Nadu,Chennai,0,600040,0,0,0,0,0,0,0,0,0,0,0,0,0,0,0,0,0,0,0,0,0,0,0,0,0,0,0,0,0,0,0,0,0,33,603
24058,,"No. Ac-15, 2Nd Avenue,Anna Nagar",Dr. Agarwals Eye Hospital Ltd.,"No. Ac-15, 2Nd Avenue,Anna Nagar",Tamil Nadu,Chennai,0,600040,0,0,0,0,0,0,0,4426215977,0,0,0,0,0,0,0,0,0,0,0,0,0,0,0,0,0,0,0,0,0,0,0,0,0,33,603
24059,,"G Block 10 Street Anna Nagar East, Chennai",Dr. V.K Sairam,G Block 10 Street Anna Nagar East,Tamil Nadu,Chennai,0,600040,0,0,0,0,0,0,0,0,0,0,0,0,0,0,0,0,0,0,0,0,0,0,0,0,0,0,0,0,0,0,0,0,0,33,603
24060,,"2/1911, J-Block, 15 Th Main Road, Anna Nagar",I K Hospital,"2/1911, J-Block, 15 Th Main Road, Anna Nagar",Tamil Nadu,Chennai,0,600040,0,0,0,0,0,0,0,0,0,0,0,0,0,0,0,0,0,0,0,0,0,0,0,0,0,0,0,0,0,0,0,0,0,33,603
24061,,"Krishna Dental Clinic W-120,Anna Nagar, Madras",Krishna Dental Clinic,"Krishna Dental Clinic W-120,Anna Nagar",Tamil Nadu,Chennai,0,600040,0,0,0,0,0,0,0,0,0,0,0,0,0,0,0,0,0,0,0,0,0,0,0,0,0,0,0,0,0,0,0,0,0,33,603
24062,,"2181 L Block 12Th Main Road, Anna Nagar",Neomed Hospital - Chennai,"2181 L Block 12Th Main Road, Anna Nagar",Tamil Nadu,Chennai,0,600040,0,0,0,0,0,0,0,26201147,0,0,0,0,0,0,0,0,0,0,0,0,0,0,0,0,0,0,0,0,0,0,0,0,0,33,603
24063,,"63, Old No. 102, Q Block, 3Rd Avenue, Annanagar",Rathi Med Speciality Hospital,"63, Old No. 102, Q Block, 3Rd Avenue , Annanagar",Tamil Nadu,Chennai,0,600040,0,0,0,0,0,0,0,0,0,0,0,0,0,0,0,0,0,0,0,0,0,0,0,0,0,0,0,0,0,0,0,0,0,33,603
24064,,"Kimbarley Towers, Y-222, Ist Flr 2Nd Avenue, Anna Nagar",Reya-Z Laser Vision Centre,"Kimbarley Towers, Y-222, Ist Flr 2Nd Avenue, Anna Nagar",Tamil Nadu,Chennai,0,600040,0,0,0,0,0,0,0,0,0,0,0,0,0,0,0,0,0,0,0,0,0,0,0,0,0,0,0,0,0,0,0,0,0,33,603
24065,,162/16 Mangalam Colony 7Th Avennue Anna Nagar,Robin and Robin Health Care,162/16 Mangalam Colony 7Th Avennue Anna Nagar,Tamil Nadu,Chennai,0,600040,0,0,0,0,0,0,0,0,0,0,0,0,0,0,0,0,0,0,0,0,0,0,0,0,0,0,0,0,0,0,0,0,0,33,603
24066,,"Q-94,16""Street,4""Main Road Anna Nager Channai",S.M.V Medicals,"Q-94,16""Street,4""Main Road Anna Nager",Tamil Nadu,Chennai,0,600040,0,0,0,0,0,0,0,0,0,0,0,0,0,0,0,0,0,0,0,0,0,0,0,0,0,0,0,0,0,0,0,0,0,33,603
24067,,"Plot No:1824/1, 18Th Main Road, Anna Nagar",Shivas Eye Care,"Plot No:1824/1, 18Th Main Road, Anna Nagar",Tamil Nadu,Chennai,0,600040,0,0,0,0,0,0,0,0,0,0,0,0,0,0,0,0,0,0,0,0,0,0,0,0,0,0,0,0,0,0,0,0,0,33,603
24068,,"Aa 16, 3Rd Main Road, Anna Nagar,",Soundarapandian Bone and Joint Hospital Research Institute Pvt. Ltd.,"Aa 16, 3Rd Main Road, Anna Nagar",Tamil Nadu,Chennai,0,600040,0,0,0,0,0,0,0,0,0,0,0,0,0,0,0,0,0,0,0,0,0,0,0,0,0,0,0,0,0,0,0,0,0,33,603
24069,,"New No.4, Old No.1620-A, 16Th Main Road, Anna Nagar",Sri Devi Speciality Hospial,"New No.4, Old No.1620-A, 16Th Main Road, Anna Nagar",Tamil Nadu,Chennai,0,600040,0,0,0,0,0,0,0,0,0,0,0,0,0,0,0,0,0,0,0,0,0,0,0,0,0,0,0,0,0,0,0,0,0,33,603
24070,,"W-98, Second Avenue, Anna Nagar, Round Tana Bus Stand",Sundar Eye Hospital and West Madras Medical Centre,"W-98, Second Avenue, Anna Nagar, Round Tana Bus Stand",Tamil Nadu,Chennai,0,600040,0,0,0,0,0,0,0,0,0,0,0,0,0,0,0,0,0,0,0,0,0,0,0,0,0,0,0,0,0,0,0,0,0,33,603
24071,,"9-C, Shanthi Colony Iv Avenue, Anna Nagar",Sundaram Medical Foundation,"9-C, Shanthi Colony Iv Avenue, Anna Nagar",Tamil Nadu,Chennai,0,600040,0,0,0,0,0,0,0,0,0,0,0,0,0,0,0,0,0,0,0,0,0,0,0,0,0,0,0,0,0,0,0,0,0,33,603
24072,,"Celebrity, T-95.Iiird Avenue, Annanagar",The Apollo Clinic,"Celebrity, T-95.Iiird Avenue, Annanagar",Tamil Nadu,Chennai,0,600040,0,0,0,0,0,0,0,0,0,0,0,0,0,0,0,0,0,0,0,0,0,0,0,0,0,0,0,0,0,0,0,0,0,33,603
24073,,"Rds Enterprises Pvt Limited, Franchisee Of Titan Eye Rbn Tower,Ak-2,4Th Avenue,Shanthi Colony,Annanagar",Titan Eye,"Rds Enterprises Pvt Limited, Franchisee Of Titan Eye Rbn Tower,Ak-2,4Th Avenue,Shanthi Colony,Annanagar",Tamil Nadu,Chennai,0,600040,0,0,0,0,0,0,0,0,0,0,0,0,0,0,0,0,0,0,0,0,0,0,0,0,0,0,0,0,0,0,0,0,0,33,603
24074,,"182,Plot No.995 `O` 2Nd, Anna Nagar",Uma Eye Clinic Pvt.Ltd,"182,Plot No.995 `O` 2Nd, Anna Nagar",Tamil Nadu,Chennai,0,600040,0,0,0,0,0,0,0,0,0,0,0,0,0,0,0,0,0,0,0,0,0,0,0,0,0,0,0,0,0,0,0,0,0,33,603
24075,,"No. 63, Old No.102, Q Block 3Rd Avenue Annanagar",Vasanthram Hospital,"No. 63, Old No.102, Q Block 3Rd Avenue Annanagar",Tamil Nadu,Chennai,0,600040,0,0,0,0,0,0,0,0,0,0,0,0,0,0,0,0,0,0,0,0,0,0,0,0,0,0,0,0,0,0,0,0,0,33,603
24076,,"No.106, Jawaharlal Nehru Salai, 100 Feet Road, Near Koyambedu Junction, Thirumangalal, Anna Nagar West",Vee Care Hospital,"No.106, Jawaharlal Nehru Salai, 100 Feet Road, Near Koyambedu Junction, Thirumangalal, Anna Nagar West",Tamil Nadu,Chennai,0,600040,0,0,0,0,0,0,0,0,0,0,0,0,0,0,0,0,0,0,0,0,0,0,0,0,0,0,0,0,0,0,0,0,0,33,603
24077,,"W-98, Second Avenue Anna Nagar",West Madras Medical Centre / Sundar Eye Hospital Pvt Ltd,"W-98, Second Avenue Anna Nagar",Tamil Nadu,Chennai,0,600040,0,0,0,0,0,0,0,0,0,0,0,0,0,0,0,0,0,0,0,0,0,0,0,0,0,0,0,0,0,0,0,0,0,33,603
24078,,"No.3,Third Street Malavia Avenue, Thiruvanmiyur",Balaji Nursing Home - Chennai,"No.3,Third Street Malavia Avenue, Thiruvanmiyur",Tamil Nadu,Chennai,0,600041,0,0,0,0,0,0,0,0,0,0,0,0,0,0,0,0,0,0,0,0,0,0,0,0,0,0,0,0,0,0,0,0,0,33,603
24079,,"No-58, M G Road, Thiruvanmiyur",Jayam Polyclinc,"No-58, M G Road, Thiruvanmiyur",Tamil Nadu,Chennai,0,600041,0,0,0,0,0,0,0,0,0,0,0,0,0,0,0,0,0,0,0,0,0,0,0,0,0,0,0,0,0,0,0,0,0,33,603
24080,,"East Coast Road, A-1,Srinivasapuram, Thiruvanmiyur,",R. M. Hospital P. Ltd.,"East Coast Road, A-1,Srinivasapuram, Thiruvanmiyur",Tamil Nadu,Chennai,0,600041,0,0,0,0,0,0,0,0,0,0,0,0,0,0,0,0,0,0,0,0,0,0,0,0,0,0,0,0,0,0,0,0,0,33,603
24081,,"1/28, Vasudevan Street, East Coast Road, Kottivakkam",S.S Nursing Home,"1/28, Vasudevan Street, East Coast Road, Kottivakkam",Tamil Nadu,Chennai,0,600041,0,0,0,0,0,0,0,0,0,0,0,0,0,0,0,0,0,0,0,0,0,0,0,0,0,0,0,0,0,0,0,0,0,33,603
24082,,"18, East Coast Road,Near Neelangarai Bus Stop,Neelangarai.",Santhi Hospital,"#18, East Coast Road,Near Neelangarai Bus Stop,Neelangarai",Tamil Nadu,Chennai,0,600041,0,0,0,0,0,0,0,0,0,0,0,0,0,0,0,0,0,0,0,0,0,0,0,0,0,0,0,0,0,0,0,0,0,33,603
24083,,"1/28, Vasudevan Street East Coast Road",Siva Subramaniam Nursing Home,"1/28, Vasudevan Street East Coast Road",Tamil Nadu,Chennai,0,600041,0,0,0,0,0,0,0,0,0,0,0,0,0,0,0,0,0,0,0,0,0,0,0,0,0,0,0,0,0,0,0,0,0,33,603
24084,,"Old No 3, New 11, North Mada Street, Near Marundeeswarar Temple, Near Thiruvanmiyur Bus Terminus",Starlight Hospitals Pvt Ltd,"Old No 3, New 11, North Mada Street, Near Marundeeswarar Temple, Near Thiruvanmiyur Bus Terminus",Tamil Nadu,Chennai,0,600041,0,0,0,0,0,0,0,0,0,0,0,0,0,0,0,0,0,0,0,0,0,0,0,0,0,0,0,0,0,0,0,0,0,33,603
24085,,"No: 7, 2Nd East Street, Thiruvanmiyur",Swaram Medicare And Research Centre Pvt Ltd,"No: 7, 2Nd East Street, Thiruvanmiyur",Tamil Nadu,Chennai,0,600041,0,0,0,0,0,0,0,0,0,0,0,0,0,0,0,0,0,0,0,0,0,0,0,0,0,0,0,0,0,0,0,0,0,33,603
24086,,"No 20, Thamirabarani Towers, Ecr Road, Kabaliswarer Nagar, Neelankarai",Vasan Eye Care Hospital,"No 20, Thamirabarani Towers, Ecr Road, Kabaliswarer Nagar, Neelankarai",Tamil Nadu,Chennai,0,600041,0,0,0,0,0,0,0,0,0,0,0,0,0,0,0,0,0,0,0,0,0,0,0,0,0,0,0,0,0,0,0,0,0,33,603
24087,,"N0.5,C-Block, Paramount Park, Mega Mart(Upstair) Vijaya Nagar,Velachery",Aarthi Priyas Tooth Care Clinic,"N0.5,C-Block, Paramount Park, Mega Mart(Upstair) Vijaya Nagar,Velachery",Tamil Nadu,Chennai,0,600042,0,0,0,0,0,0,0,0,0,0,0,0,0,0,0,0,0,0,0,0,0,0,0,0,0,0,0,0,0,0,0,0,0,33,603
24088,,"Plot No. 191, 100 Feet By-Pass Road, Velacherry",Appasamy Krishna Hospital and Medical Research Centre,"Plot No. 191, 100 Feet By-Pass Road, Velacherry",Tamil Nadu,Chennai,0,600042,0,0,0,0,0,0,0,044  22452356,0,0,0,0,0,0,0,0,0,0,0,0,0,0,0,0,0,0,0,0,0,0,0,0,0,33,603
24089,,"No.-4, 100 Feet Road, Tansi Nagar, Velachery",Athipathi Hsopital and Research Centre,"No.-4, 100 Feet Road, Tansi Nagar, Velachery",Tamil Nadu,Chennai,0,600042,0,0,0,0,0,0,0,0,0,0,0,0,0,0,0,0,0,0,0,0,0,0,0,0,0,0,0,0,0,0,0,0,0,33,603
24090,,No 6 12Th Cross Steet Dhandeeswaram Nagar Velachery,Chennai Eye Care Hospital,No 6 12Th Cross Steet Dhandeeswaram Nagar Velachery,Tamil Nadu,Chennai,0,600042,0,0,0,0,0,0,0,0,0,0,0,0,0,0,0,0,0,0,0,0,0,0,0,0,0,0,0,0,0,0,0,0,0,33,603
24091,,"No. 60, Gandhi Road Chennai",Dr G Kirubakaran,"No. 60, Gandhi Road",Tamil Nadu,Chennai,0,600042,0,0,0,0,0,0,0,0,0,0,0,0,0,0,0,0,0,0,0,0,0,0,0,0,0,0,0,0,0,0,0,0,0,33,603
24092,,"27, 100 Feet Road, Taramani Link Road, Velacherry",Dr.Agarwals Eye Hospital- Velacherry,"27, 100 Feet Road, Taramani Link Road, Velacherry",Tamil Nadu,Chennai,0,600042,0,0,0,0,0,0,0,044  22430444,0,0,0,0,0,0,0,0,0,0,0,0,0,0,0,0,0,0,0,0,0,0,0,0,0,33,603
24093,,"No.39, Rajalakhsmi Nagar",Helios Hospital Pvt Ltd,"No.39, Rajalakhsmi Nagar",Tamil Nadu,Chennai,0,600042,0,0,0,0,0,0,0,22553744,0,0,0,0,0,0,0,0,0,0,0,0,0,0,0,0,0,0,0,0,0,0,0,0,0,33,603
24094,,Velachery Main Road Velachery,Kumaran Diagnostic Centre,Velachery Main Road Velachery,Tamil Nadu,Chennai,0,600042,0,0,0,0,0,0,0,0,0,0,0,0,0,0,0,0,0,0,0,0,0,0,0,0,0,0,0,0,0,0,0,0,0,33,603
24095,,"40B, Tansi Nagar Vii St, Velachery,",Nandhini Hospital,"40B, Tansi Nagar Vii St, Velachery",Tamil Nadu,Chennai,0,600042,0,0,0,0,0,0,0,0,0,0,0,0,0,0,0,0,0,0,0,0,0,0,0,0,0,0,0,0,0,0,0,0,0,33,603
24096,,"No.14, 10Th Cross Street, A.G.S.Colony, Velachery",Velachery K S Hospital,"No.14, 10Th Cross Street , A.G.S.Colony, Velachery",Tamil Nadu,Chennai,0,600042,0,0,0,0,0,0,0,0,0,0,0,0,0,0,0,0,0,0,0,0,0,0,0,0,0,0,0,0,0,0,0,0,0,33,603
24097,,"7/14, 7Th Cross Street, Rajalakshmi Nagar, Velachery",Xcellent Care Superspeciality Hospital,"7/14, 7Th Cross Street, Rajalakshmi Nagar, Velachery",Tamil Nadu,Chennai,0,600042,0,0,0,0,0,0,0,0,0,0,0,0,0,0,0,0,0,0,0,0,0,0,0,0,0,0,0,0,0,0,0,0,0,33,603
24098,,"No:32, Pillaiyar Koil Street, Nesapakkam, West K.K.Nagar, Chennai-600078",Arokya Hospital,"No:32, Pillaiyar Koil Street, Nesapakkam, West K.K.Nagar",Tamil Nadu,Chennai,0,600078,0,0,0,0,0,0,0,0,0,0,0,0,0,0,0,0,0,0,0,0,0,0,0,0,0,0,0,0,0,0,0,0,0,33,603
24099,,"51-52, Thiruvalluvar Salai,,Nesapakkam,.",Cmc Hospital,"#51-52, Thiruvalluvar Salai,Nesapakkam",Tamil Nadu,Chennai,0,600078,0,0,0,0,0,0,0,45563098,0,0,0,0,0,0,0,0,0,0,0,0,0,0,0,0,0,0,0,0,0,0,0,0,0,33,603
24100,,"B-49B, Dr.Ramasamy Salai, Near Pillayar Koil Bus Stop, K.K Nagar",S M Hospital,"B-49B, Dr.Ramasamy Salai, Near Pillayar Koil Bus Stop, K.K Nagar",Tamil Nadu,Chennai,0,600078,0,0,0,0,0,0,0,0,0,0,0,0,0,0,0,0,0,0,0,0,0,0,0,0,0,0,0,0,0,0,0,0,0,33,603
24101,,"127, Mint Street, Chennai 600079",Singhvi Health Center,"127, Mint Street",Tamil Nadu,Chennai,0,600078,0,0,0,0,0,0,0,0,0,0,0,0,0,0,0,0,0,0,0,0,0,0,0,0,0,0,0,0,0,0,0,0,0,33,603
24102,,"Jothir Akshaya Flat-1 No-59, Munusamy Salai Kk Nagar West Near Pondy State Guest House",Sucha Eye Cure,"Jothir Akshaya Flat-1 No-59, Munusamy Salai Kk Nagar West Near Pondy State Guest House",Tamil Nadu,Chennai,0,600078,0,0,0,0,0,0,0,0,0,0,0,0,0,0,0,0,0,0,0,0,0,0,0,0,0,0,0,0,0,0,0,0,0,33,603
24103,,"583, Thiruvottriyur High Road, Tondiarpet,",Ezhil Hospital,"583, Thiruvottriyur High Road, Tondiarpet",Tamil Nadu,Chennai,0,600081,0,0,0,0,0,0,0,2591 574,0,0,0,0,0,0,0,0,0,0,0,0,0,0,0,0,0,0,0,0,0,0,0,0,0,33,603
24104,,"New No.303,Old No.99, T.H.Road, Chennai",J.K.Hospital,"New No.303,Old No.99, T.H.Road",Tamil Nadu,Chennai,0,600081,0,0,0,0,0,0,0,0,0,0,0,0,0,0,0,0,0,0,0,0,0,0,0,0,0,0,0,0,0,0,0,0,0,33,603
24105,,"8 & 9 Annai Velakanni Nagar,Madhavaram Milk Colony,.",K.M.Multi Speciality Hospital,"# 8 & 9 Annai Velakanni Nagar,Madhavaram Milk Colony",Tamil Nadu,Chennai,0,600081,0,0,0,0,0,0,0,0,0,0,0,0,0,0,0,0,0,0,0,0,0,0,0,0,0,0,0,0,0,0,0,0,0,33,603
24106,,"No. 33, Kanakapillai Street,Tondiarpet,",Malligai Hospital,"No. 33, Kanakapillai Street,Tondiarpet",Tamil Nadu,Chennai,0,600081,0,0,0,0,0,0,0,0,0,0,0,0,0,0,0,0,0,0,0,0,0,0,0,0,0,0,0,0,0,0,0,0,0,33,603
24107,,"599,T.H.Road, Tondiarpet, Chennai-600081.",Rudhra-Chella Clinicare`N`Cure Services,"599,T.H.Road, Tondiarpet",Tamil Nadu,Chennai,0,600081,0,0,0,0,0,0,0,0,0,0,0,0,0,0,0,0,0,0,0,0,0,0,0,0,0,0,0,0,0,0,0,0,0,33,603
24108,,"12,Veeraragavan Road, New Washermanpet,Chennai.",Sri Sai Medical Centre,"12,Veeraragavan Road, New Washermanpet",Tamil Nadu,Chennai,0,600081,0,0,0,0,0,0,0,0,0,0,0,0,0,0,0,0,0,0,0,0,0,0,0,0,0,0,0,0,0,0,0,0,0,33,603
24109,,"B-63, Siva Elango Salai (70 Feet Road), Periyar Nagar",Dr Agarwal Eye Hospital Ltd,"B-63, Siva Elango Salai (70 Feet Road), Periyar Nagar",Tamil Nadu,Chennai,0,600082,0,0,0,0,0,0,0,0,0,0,0,0,0,0,0,0,0,0,0,0,0,0,0,0,0,0,0,0,0,0,0,0,0,33,603
24110,,"1/255, 10Th Street S R P Colony Chennai Chennai 600082",Eswari Nursing Home,"1/255, 10Th Street S R P Colony",Tamil Nadu,Chennai,0,600082,0,0,0,0,0,0,0,0,0,0,0,0,0,0,0,0,0,0,0,0,0,0,0,0,0,0,0,0,0,0,0,0,0,33,603
24111,,7(1/1A)1St Main Road Jawahar Nagar,N.R.Hospital,7(1/1A)1St Main Road Jawahar Nagar,Tamil Nadu,Chennai,0,600082,0,0,0,0,0,0,0,0,0,0,0,0,0,0,0,0,0,0,0,0,0,0,0,0,0,0,0,0,0,0,0,0,0,33,603
24112,,"7/1, Laxmanan Nagar Paper Mills Road",Raju Nursing Home,"7/1, Laxmanan Nagar Paper Mills Road",Tamil Nadu,Chennai,0,600082,0,0,0,0,0,0,0,0,0,0,0,0,0,0,0,0,0,0,0,0,0,0,0,0,0,0,0,0,0,0,0,0,0,33,603
24113,,"No.25/17,70 Feet Road,Jawahar Nagar",Sheeba Multi Speciality Clinic,"No.25/17,70 Feet Road,Jawahar Nagar",Tamil Nadu,Chennai,0,600082,0,0,0,0,0,0,0,0,0,0,0,0,0,0,0,0,0,0,0,0,0,0,0,0,0,0,0,0,0,0,0,0,0,33,603
24114,,"46, S.R.P. Kil Street(North) T.V.K.Nagar,",Sri Bala Nursing Home,"46, S.R.P. Kil Street(North) T.V.K.Nagar",Tamil Nadu,Chennai,0,600082,0,0,0,0,0,0,0,0,0,0,0,0,0,0,0,0,0,0,0,0,0,0,0,0,0,0,0,0,0,0,0,0,0,33,603
24115,,"80/2, 34 Srp Koil St., T.V.K.Nagar, Chennai",Sri Sai Sankara Dental Clinic And Orthodontic Cent,"80/2, 34 Srp Koil St., T.V.K.Nagar",Tamil Nadu,Chennai,0,600082,0,0,0,0,0,0,0,0,0,0,0,0,0,0,0,0,0,0,0,0,0,0,0,0,0,0,0,0,0,0,0,0,0,33,603
24116,,"289/149, D.No.149,Paper Mills Road, Opp To 70 Feet Road,Perambur.","Vasan Eye Care Hospital, Perambur","#289/149, D.No.149, ,Paper Mills Road, Opp To 70 Feet Road,Perambur",Tamil Nadu,Chennai,0,600082,0,0,0,0,0,0,0,0,0,0,0,0,0,0,0,0,0,0,0,0,0,0,0,0,0,0,0,0,0,0,0,0,0,33,603
24117,,"New No 80, 7Th Avenue Ashok Nagar",Ammayi Eye Care Centre,"New No 80, 7Th Avenue Ashok Nagar",Tamil Nadu,Chennai,0,600083,0,0,0,0,0,0,0,24851560,0,0,0,0,0,0,0,0,0,0,0,0,0,0,0,0,0,0,0,0,0,0,0,0,0,33,603
24118,,"New 2, Old  5, 41 St Street 6Th Avenue, Ashok Nargr",Dr Lankeash Eye Hospital,"New # 2, Old # 5 , 41 St Street , 6Th Avenue, Ashok Nargr",Tamil Nadu,Chennai,0,600083,0,0,0,0,0,0,0,0,0,0,0,0,0,0,0,0,0,0,0,0,0,0,0,0,0,0,0,0,0,0,0,0,0,33,603
24119,,"Old No.20,New No:33, 7Th Avenue,(Near G.R.T School),Ashok Nagar",Dr. Agarwal's Eye Hospital Ltd. - Ashok Nagar,"Old No.20,New No:33, 7Th Avenue,(Near G.R.T School),Ashok Nagar",Tamil Nadu,Chennai,0,600083,0,0,0,0,0,0,0,0,0,0,0,0,0,0,0,0,0,0,0,0,0,0,0,0,0,0,0,0,0,0,0,0,0,33,603
24120,,"1,X Avenue,Ashok Nagar,Chennai",Dr.V Jai Shankar,"1,X Avenue ,Ashok Nagar",Tamil Nadu,Chennai,0,600083,0,0,0,0,0,0,0,0,0,0,0,0,0,0,0,0,0,0,0,0,0,0,0,0,0,0,0,0,0,0,0,0,0,33,603
24121,,"Door No-1, 40Th Street, Ashok Nagar,",Je Nesam Hospital,"Door No-1, 40Th Street, Ashok Nagar",Tamil Nadu,Chennai,0,600083,0,0,0,0,0,0,0,0,0,0,0,0,0,0,0,0,0,0,0,0,0,0,0,0,0,0,0,0,0,0,0,0,0,33,603
24122,,"No. 11, Samiyar Garden Street, Ashok Nagar, Chennai",M.G. Nursing Home,"No. 11, Samiyar Garden Street, Ashok Nagar",Tamil Nadu,Chennai,0,600083,0,0,0,0,0,0,0,0,0,0,0,0,0,0,0,0,0,0,0,0,0,0,0,0,0,0,0,0,0,0,0,0,0,33,603
24123,,"B - 225, 15Th Avenue Ashok Nagar Chennai Chennai 600083",Maya Nursing Home Pvt Ltd,"B - 225, 15Th Avenue Ashok Nagar",Tamil Nadu,Chennai,0,600083,0,0,0,0,0,0,0,0,0,0,0,0,0,0,0,0,0,0,0,0,0,0,0,0,0,0,0,0,0,0,0,0,0,33,603
24124,,"No. 25, 10Th Avenue, Ashoknagar",Orthopedic and Specialities Hospital,"No. 25, 10Th Avenue, Ashoknagar",Tamil Nadu,Chennai,0,600083,0,0,0,0,0,0,0,0,0,0,0,0,0,0,0,0,0,0,0,0,0,0,0,0,0,0,0,0,0,0,0,0,0,33,603
24125,,"New No. 19-A, First Avenue, Ashok Nagar,",Pallava Hospital Ltd.,"New No. 19-A, First Avenue, Ashok Nagar",Tamil Nadu,Chennai,0,600083,0,0,0,0,0,0,0,044  23715446,0,0,0,0,0,0,0,0,0,0,0,0,0,0,0,0,0,0,0,0,0,0,0,0,0,33,603
24126,,"61, 7Th Avenue, Ashok Kumar, Chennai",Sri Hari Clinic,"61, 7Th Avenue, Ashok Kumar",Tamil Nadu,Chennai,0,600083,0,0,0,0,0,0,0,0,0,0,0,0,0,0,0,0,0,0,0,0,0,0,0,0,0,0,0,0,0,0,0,0,0,33,603
24127,,"Kala Flats, Ashok Nagar, Chennai",Vaman Clinic Eye and Ent Care,"Kala Flats, Ashok Nagar",Tamil Nadu,Chennai,0,600083,0,0,0,0,0,0,0,0,0,0,0,0,0,0,0,0,0,0,0,0,0,0,0,0,0,0,0,0,0,0,0,0,0,33,603
24128,,"962, Poonamallee High Road, Near Egmore Over Bridge",Dr. U. Mohan Rau Memorial Hospital - Chennai,"962, Poonamallee High Road, Near Egmore Over Bridge",Tamil Nadu,Chennai,0,600084,0,0,0,0,0,0,0,0,0,0,0,0,0,0,0,0,0,0,0,0,0,0,0,0,0,0,0,0,0,0,0,0,0,33,603
24129,,"New No:25, Old No:6, Dr.Alagappa Road, Purasaiwakkam, Chennai-600084.",Kola Saraswathy Agarwal Samaj Health Centre,"New No:25, Old No:6, Dr.Alagappa Road, Purasaiwakka",Tamil Nadu,Chennai,0,600084,0,0,0,0,0,0,0,0,0,0,0,0,0,0,0,0,0,0,0,0,0,0,0,0,0,0,0,0,0,0,0,0,0,33,603
24130,,"4 Adiappa Mudali Street,Purasaiwalkam Flowers Road",Noble Hospital,"4 Adiappa Mudali Street,Purasaiwalkam Flowers Road",Tamil Nadu,Chennai,0,600084,0,0,0,0,0,0,0,4426403300,0,0,0,0,0,0,0,0,0,0,0,0,0,0,0,0,0,0,0,0,0,0,0,0,0,33,603
24131,,"No.77, Dr. Alagappa Road, Purasawalkam,",V.K.Hospital,"No.77, Dr. Alagappa Road, Purasawalkam",Tamil Nadu,Chennai,0,600084,0,0,0,0,0,0,0,0,0,0,0,0,0,0,0,0,0,0,0,0,0,0,0,0,0,0,0,0,0,0,0,0,0,33,603
24132,,"Old No.880, New No.190, Poonamallee High Road, Kilpauk, (Near Sangam Theatre & Opp To Nehru Park) Chennai - 600 084,",Vasan Eye Care Hospital,"Old No.880, New No.190, Poonamallee High Road, Kilpauk, (Near Sangam Theatre & Opp To Nehru Park)",Tamil Nadu,Chennai,0,600084,0,0,0,0,0,0,0,0444340 0888,0,0,0,0,0,0,0,0,0,0,0,0,0,0,0,0,0,0,0,0,0,0,0,0,0,33,603
24133,,"6B, Conran Smith Road, Gopalapuram",Dr. Mohans Mv Diabetes Specialities Centre - Chennai,"6B, Conran Smith Road, Gopalapuram",Tamil Nadu,Chennai,0,600086,0,0,0,0,0,0,0,28350935,0,0,0,0,0,0,0,0,0,0,0,0,0,0,0,0,0,0,0,0,0,0,0,0,0,33,603
24134,,"Old No 32, New No 12, Conran Smith Road, Gopalapuram, Chennai 600086",Harvey Healthcare Limited,"Old No 32, New No 12, Conran Smith Road, Gopalapuram",Tamil Nadu,Chennai,0,600086,0,0,0,0,0,0,0,0,0,0,0,0,0,0,0,0,0,0,0,0,0,0,0,0,0,0,0,0,0,0,0,0,0,33,603
24135,,"Old No 32,New No 12,Conran Smith Road,Gopalapuram Chennai",Life Med Hospitals,"Old No 32,New No 12,Conran Smith Road,Gopalapuram",Tamil Nadu,Chennai,0,600086,0,0,0,0,0,0,0,0,0,0,0,0,0,0,0,0,0,0,0,0,0,0,0,0,0,0,0,0,0,0,0,0,0,33,603
24136,,"116, Chamiers Road,Nandanam, Chennai - 600086,",Maxivision Eye Care Medfort Hospitals Pvt Ltd,"116, Chamiers Road,Nandanam",Tamil Nadu,Chennai,0,600086,0,0,0,0,0,0,0,49001822,0,0,0,0,0,0,0,0,0,0,0,0,0,0,0,0,0,0,0,0,0,0,0,0,0,33,603
24137,,"E - 147 / A, Iind Avenue Besant Nagar",New Asian Hospital,"E - 147 / A, Iind Avenue Besant Nagar",Tamil Nadu,Chennai,0,600090,0,0,0,0,0,0,0,0,0,0,0,0,0,0,0,0,0,0,0,0,0,0,0,0,0,0,0,0,0,0,0,0,0,33,603
24138,,"91/2,Arcot Road,Virugambakkam,Chennai",M.L Dental Clinic,"91/2,Arcot Road,Virugambakkam",Tamil Nadu,Chennai,0,600092,0,0,0,0,0,0,0,0,0,0,0,0,0,0,0,0,0,0,0,0,0,0,0,0,0,0,0,0,0,0,0,0,0,33,603
24139,,"No. 3, 5Th Main Road, Natesan Nagar, Virugambakkam, Near Annai Mahal, Sai Nagar Bus Stand",S B S Hospital,"No. 3, 5Th Main Road, Natesan Nagar, Virugambakkam, Near Annai Mahal, Sai Nagar Bus Stand",Tamil Nadu,Chennai,0,600092,0,0,0,0,0,0,0,0,0,0,0,0,0,0,0,0,0,0,0,0,0,0,0,0,0,0,0,0,0,0,0,0,0,33,603
24140,,"5-A, Parthasarathy St.Thirunagar",Tirunagar Hospital,"5-A, Parthasarathy St.Thirunagar",Tamil Nadu,Chennai,0,600092,0,0,0,0,0,0,0,0,0,0,0,0,0,0,0,0,0,0,0,0,0,0,0,0,0,0,0,0,0,0,0,0,0,33,603
24141,,"No 22, Arcot Road, Saligramam,",Bharani Hospital,"No 22, Arcot Road, Saligramam",Tamil Nadu,Chennai,0,600093,0,0,0,0,0,0,0,0,0,0,0,0,0,0,0,0,0,0,0,0,0,0,0,0,0,0,0,0,0,0,0,0,0,33,603
24142,,"37, Arunachalam Road, Chennai",R.R. Eye Instutute and Laser Foundation,"37, Arunachalam Road",Tamil Nadu,Chennai,0,600093,0,0,0,0,0,0,0,0,0,0,0,0,0,0,0,0,0,0,0,0,0,0,0,0,0,0,0,0,0,0,0,0,0,33,603
24143,,No 22 Arcot Road Saligrammam,The Specialities Health Care,No 22 Arcot Road Saligrammam,Tamil Nadu,Chennai,0,600093,0,0,0,0,0,0,0,0,0,0,0,0,0,0,0,0,0,0,0,0,0,0,0,0,0,0,0,0,0,0,0,0,0,33,603
24144,,"No. 7, Venkateswara Lane, Anna Nednmpathai, Choolaimeda, Near Kodambakkam (Power House)",Siva Sakthi Nursing Home,"No. 7, Venkateswara Lane, Anna Nednmpathai, Choolaimeda, Near Kodambakkam (Power House)",Tamil Nadu,Chennai,0,600094,0,0,0,0,0,0,0,0,0,0,0,0,0,0,0,0,0,0,0,0,0,0,0,0,0,0,0,0,0,0,0,0,0,33,603
24145,,"W-27, Old No.18, North Main Road,Anna Nagar West Extn.,.",Dhanvantari Eye Care,"W-27, Old No.18, North Main Road,Anna Nagar West Extn",Tamil Nadu,Chennai,0,600101,0,0,0,0,0,0,0,0,0,0,0,0,0,0,0,0,0,0,0,0,0,0,0,0,0,0,0,0,0,0,0,0,0,33,603
24146,,"R-30-C, Ambattur Industrial Estate Road, Mogappair",Dr.K.M.Cherian Heart Foundation,"R-30-C, Ambattur Industrial Estate Road, Mogappair",Tamil Nadu,Chennai,0,600101,0,0,0,0,0,0,0,91  44  2656 5150,0,0,0,0,0,0,0,0,0,0,0,0,0,0,0,0,0,0,0,0,0,0,0,0,0,33,603
24147,,"No. R-30-C, Ambattur Industrial Estate Road, Mogappair",International Center For Cardio Thoracic and Vascular Diseases(Frontier Life Hosp),"No. R-30-C, Ambattur Industrial Estate Road, Mogappair",Tamil Nadu,Chennai,0,600101,0,0,0,0,0,0,0,0,0,0,0,0,0,0,0,0,0,0,0,0,0,0,0,0,0,0,0,0,0,0,0,0,0,33,603
24148,,"959, Tvs Colony Annanagar West Extension Chennai Chennai 600101",Sks Hospital,"959, Tvs Colony Annanagar West Extension",Tamil Nadu,Chennai,0,600101,0,0,0,0,0,0,0,0,0,0,0,0,0,0,0,0,0,0,0,0,0,0,0,0,0,0,0,0,0,0,0,0,0,33,603
24149,,"No. 78/6 3Rd Avenue, Anna Nagar East",Medfort Eye Hospital Pvt Ltd Unit Of Maxvision Eye Care,"No. 78/6 3Rd Avenue , Anna Nagar East",Tamil Nadu,Chennai,0,600102,0,0,0,0,0,0,0,0,0,0,0,0,0,0,0,0,0,0,0,0,0,0,0,0,0,0,0,0,0,0,0,0,0,33,603
24150,,"B-Block,1/2 Second Avenue,Anna Nagar",Premier Health Center,"B-Block,1/2 Second Avenue,Anna Nagar",Tamil Nadu,Chennai,0,600102,0,0,0,0,0,0,0,0,0,0,0,0,0,0,0,0,0,0,0,0,0,0,0,0,0,0,0,0,0,0,0,0,0,33,603
24151,,"D-93 (D-107), First Main Road, Anna Nagar, Chennai",Rajalakshmi Nursing Home,"D-93 (D-107), First Main Road, Anna Nagar",Tamil Nadu,Chennai,0,600102,0,0,0,0,0,0,0,0,0,0,0,0,0,0,0,0,0,0,0,0,0,0,0,0,0,0,0,0,0,0,0,0,0,33,603
24152,,"C-54, 1 St Main Road, Anna Nagar East, Near Chinthamani Supermarket",Selvarangam Hospital,"C-54, 1 St Main Road, Anna Nagar East, Near Chinthamani Supermarket",Tamil Nadu,Chennai,0,600102,0,0,0,0,0,0,0,044  26269911,0,0,0,0,0,0,0,0,0,0,0,0,0,0,0,0,0,0,0,0,0,0,0,0,0,33,603
24153,,"103/112, D- Block,1St Main Road, Annanagar East,",U.K. Hospitals Pvt. Ltd.,"103/112, D- Block,1St Main Road, Annanagar East",Tamil Nadu,Chennai,0,600102,0,0,0,0,0,0,0,044  42172891,0,0,0,0,0,0,0,0,0,0,0,0,0,0,0,0,0,0,0,0,0,0,0,0,0,33,603
24154,,"A-45, 3Rd Avenue, Anna Nagar (E)",V.K. Medical Centre,"A-45, 3Rd Avenue, Anna Nagar (E)",Tamil Nadu,Chennai,0,600102,0,0,0,0,0,0,0,0,0,0,0,0,0,0,0,0,0,0,0,0,0,0,0,0,0,0,0,0,0,0,0,0,0,33,603
24155,,"M-77, 3Rd Avenue, Anna Nagar East Chennai 600102",Vasan Eye Care Hospital,"M-77, 3Rd Avenue, Anna Nagar East",Tamil Nadu,Chennai,0,600102,0,0,0,0,0,0,0,0,0,0,0,0,0,0,0,0,0,0,0,0,0,0,0,0,0,0,0,0,0,0,0,0,0,33,603
24156,,"A-13, Ii Avenueroundtana Junctionanna Nagar Eastchennai Anna Nagar Eastchennai","Vee Care Eye Hospital - Anna Nagar, Chennai","A-13, Ii Avenueroundtana Junctionanna Nagar Eastchennai Anna Nagar East",Tamil Nadu,Chennai,0,600102,0,0,0,0,0,0,0,42945455,0,0,0,0,0,0,0,0,0,0,0,0,0,0,0,0,0,0,0,0,0,0,0,0,0,33,603
24157,,"No C 46, Near Chintamani, 2Nd Avenue, Anna Nagar East",Vishnu Eye Clinic and Laser Foundation,"No C 46, Near Chintamani, 2Nd Avenue, Anna Nagar East",Tamil Nadu,Chennai,0,600102,0,0,0,0,0,0,0,0,0,0,0,0,0,0,0,0,0,0,0,0,0,0,0,0,0,0,0,0,0,0,0,0,0,33,603
24158,,"34Km,Bhuj- Mandvi Road Near Punadi Patiya Ta Mandvi-Kutch",Navjivan Nature Cure Centre,"34Km,Bhuj- Mandvi Road Near Punadi Patiya Ta Mandvi-Kutch",Tamil Nadu,Chennai,0,600104,0,0,0,0,0,0,0,0,0,0,0,0,0,0,0,0,0,0,0,0,0,0,0,0,0,0,0,0,0,0,0,0,0,33,603
24159,,"23, Friends Avenue, Arumbakkam,",Appasamy Medicare Centre (P) Ltd,"# 23, Friends Avenue, Arumbakkam",Tamil Nadu,Chennai,0,600106,0,0,0,0,0,0,0,044  23633206,0,0,0,0,0,0,0,0,0,0,0,0,0,0,0,0,0,0,0,0,0,0,0,0,0,33,603
24160,,"No 5, Panchaliamman Koil Street, Arumbakkam",Ayur Kshetra ( A Unit Of Institute Of Ayurvedic Research Pvt Ltd),"No 5, Panchaliamman Koil Street, Arumbakkam",Tamil Nadu,Chennai,0,600106,0,0,0,0,0,0,0,0,0,0,0,0,0,0,0,0,0,0,0,0,0,0,0,0,0,0,0,0,0,0,0,0,0,33,603
24161,,"Cp-50, Razack Garden Main Road, Arumbakkam,",Mohan Hospital,"Cp-50, Razack Garden Main Road, Arumbakkam",Tamil Nadu,Chennai,0,600106,0,0,0,0,0,0,0,044  23630970,0,0,0,0,0,0,0,0,0,0,0,0,0,0,0,0,0,0,0,0,0,0,0,0,0,33,603
24162,,"No 1051, Poonamallee High Road, Arumbakkam",New Hope Indian Specilaity Hospital,"No 1051, Poonamallee High Road, Arumbakkam",Tamil Nadu,Chennai,0,600106,0,0,0,0,0,0,0,0,0,0,0,0,0,0,0,0,0,0,0,0,0,0,0,0,0,0,0,0,0,0,0,0,0,33,603
24163,,"No.527, Poonamalle High Road, Arumbakkam, Chennai",Speed Medical Centre,"No.527, Poonamalle High Road, Arumbakkam",Tamil Nadu,Chennai,0,600106,0,0,0,0,0,0,0,0,0,0,0,0,0,0,0,0,0,0,0,0,0,0,0,0,0,0,0,0,0,0,0,0,0,33,603
24164,,"Cp-50, Razack Garden Main Road, Arumbakkam,",Vasanthi Orthopaedic Hospital,"Cp-50, Razack Garden Main Road, Arumbakkam",Tamil Nadu,Chennai,0,600106,0,0,0,0,0,0,0,0,0,0,0,0,0,0,0,0,0,0,0,0,0,0,0,0,0,0,0,0,0,0,0,0,0,33,603
24165,,"30, Poonamallee High Road, Koyambedu, Chennai Koyambedu",Sri Devi Speciality Hospital - Chennai,"30, Poonamallee High Road, Koyambedu, Chennai Koyambedu",Tamil Nadu,Chennai,0,600107,0,0,0,0,0,0,0,26161714,0,0,0,0,0,0,0,0,0,0,0,0,0,0,0,0,0,0,0,0,0,0,0,0,0,33,603
24166,,"No.11, Hunters Road, (Near Clock Tower) Vepery",Dr Ravishankars Eye Clinic and Nursing Home,"No.11, Hunters Road, (Near Clock Tower) Vepery",Tamil Nadu,Chennai,0,600112,0,0,0,0,0,0,0,0,0,0,0,0,0,0,0,0,0,0,0,0,0,0,0,0,0,0,0,0,0,0,0,0,0,33,603
24167,,"T.T.T.I Post Taramani,Chennai",Dr.Achanta Lakshmipathi Neurosurgical Centre,T.T.T.I Post Taramani,Tamil Nadu,Chennai,0,600113,0,0,0,0,0,0,0,0,0,0,0,0,0,0,0,0,0,0,0,0,0,0,0,0,0,0,0,0,0,0,0,0,0,33,603
24168,,"No.88, Dr. Kalaingar Karunanithi Streetsholinganallur",Life Care Laboratory,"No.88, Dr. Kalaingar Karunanithi Streetsholinganallur",Tamil Nadu,Chennai,0,600113,0,0,0,0,0,0,0,0,0,0,0,0,0,0,0,0,0,0,0,0,0,0,0,0,0,0,0,0,0,0,0,0,0,33,603
24169,,T.T.T.I Post,Tag-Vhs Diabeted Research Centre,T.T.T.I Post,Tamil Nadu,Chennai,0,600113,0,0,0,0,0,0,0,0,0,0,0,0,0,0,0,0,0,0,0,0,0,0,0,0,0,0,0,0,0,0,0,0,0,33,603
24170,,"T.T.T.I. Post, Taraamani",Voluntary Health Services Medical Centre,"T.T.T.I. Post, Taraamani",Tamil Nadu,Chennai,0,600113,0,0,0,0,0,0,0,0,0,0,0,0,0,0,0,0,0,0,0,0,0,0,0,0,0,0,0,0,0,0,0,0,0,33,603
24171,,"No 6, A P Arasu Street Moolakadai Chennai 600118",Fathima Nursing Home,"No 6, A P Arasu Street Moolakadai",Tamil Nadu,Chennai,0,600118,0,0,0,0,0,0,0,0,0,0,0,0,0,0,0,0,0,0,0,0,0,0,0,0,0,0,0,0,0,0,0,0,0,33,603
24172,,"No.13, Seetharam Nagar, Vii Street, Munsif Garden,Chinnakodungaiyur,",Noor`S Hospital,"No.13, Seetharam Nagar, Vii Street, Munsif Garden,Chinnakodungaiyur",Tamil Nadu,Chennai,0,600118,0,0,0,0,0,0,0,0,0,0,0,0,0,0,0,0,0,0,0,0,0,0,0,0,0,0,0,0,0,0,0,0,0,33,603
24173,,"No.7, Ethiraiswami Salai, Erukkenchery,",Pavithra Hospitals Pvt Ltd,"No.7, Ethiraiswami Salai, Erukkenchery",Tamil Nadu,Chennai,0,600118,0,0,0,0,0,0,0,0,0,0,0,0,0,0,0,0,0,0,0,0,0,0,0,0,0,0,0,0,0,0,0,0,0,33,603
24174,,"6/13, 3rd Cross Street, Kasthuribai Nagar, Adyar",Dr.Kamakshi Memorial Hospital,"6/13, 3rd Cross Street, Kasthuribai Nagar, Adyar",Tamil Nadu,Chennai,0,600020,0,0,0,0,0,0,0,0,info@drkmh.com,0,www.drkmh.com,"Anaesthesiology,\n Cardiology,\n Cardiothoracic Surgery,\n Cosmetology,\n Critical Care,\n Dentistry,\n Dermatology,\n Diabetology,\n Emergency Medicine,\n Endocrinology,\n ENT,\n General Medicine,\n Geriatrics,\n Maxillofacial Surgery,\n Medical Oncology,\n Nephrology,\n Neuro Surgery,\n Neurology,\n Nuclear Medicine,\n Obstetrics and Gynaecology,\n Ophthalmology,\n Orthopaedics,\n Paediatric Surgery,\n Physiotherapy,\n Plastic and Reconstructive, Surgery,\n Psychiatry,\n Psychology,\n Pulmonology,\n Radiation Oncology,\n Surgical Gastroenterology,\n Surgical Oncology,\n Transplant surgery,\n Urology,","Blood Bank,\nCardiothoracic,\nICU,\nCath Lab,\nClinical Laboratory,\nNeuro Lab,\nPain Clinic",,,,,,,,,,,,,,,0,,,,,,33,603
24175,,"No.434, N.S.K.Salai, Vadapalani",Vijaya Hospital,"No.434, N.S.K.Salai, Vadapalani",Tamil Nadu,Chennai,0,600026,0,0,0,0,0,0,0,0,contact@vijayahospital.org,0,www.vijayahospital.org,"Ayurveda,\n Cardiology,\n Cardiothoracic Surgery,\n Cardiovascular Surgery,\n Critical Care,\n Dentistry,\n Dermatology,\n Diabetology,\n Endocrinology,\n ENT,\n Family Medicine,\n Gastroenterology,\n General Surgery,\n Nephrology,\n Neuro Surgery,\n Neurology,\n Nuclear Medicine,\n Obstetrics and Gynaecology,\n Oncology,\n Ophthalmology,\n Orthopaedics and Traumatology,\n Paediatrics and Neonatology,\n Physiotherapy,\n Plastic Surgery and Cosmetic Surgery,\n Psychiatry,\n Pulmonology,\n Radiology,\n Rheumatology,\n Urology,\n Vascular Surgery","Accident Emergency Services,\nMedical Emergency Services,\nBlood Bank,\nCT Scan,\nPharmacy,\nCattages,\nFood Court,\nBank,\nTravel Desk,\nInsurance Help Desk,\nLaundry Services",,,,,,,,,,,,,,,0,,,,,,33,603
24176,,"Gandhi Nagar, 52, First Main Road, Gandhi nagar, Adyar",Fortis Malar Hospital,"Gandhi Nagar, 52, First Main Road, Gandhi nagar, Adyar",Tamil Nadu,Chennai,0,600020,0,044 24914737,0,0,0,0,0,0,contactus.malar@fortishealthcare.com,0,www.fortishealthcare.com,"Andrology,\n Anaesthesiology,\n Cardiology,\n Critical Care,\n Dentistry,\n Dermatology,\n Emergency Medicine,\n Endocrinology,\n ENT, Gastroenterology,\nGeneral Surgery,\n Internal Medicine, Interventional Radiology,\n Neonatology,\n Nephrology,\n Neuro Surgery,\n Neurology,\n Obstetrics and Gynaecology,\n Oncology,\n Ophthalmology,\n Paediatrics,\n Physiotherapy,\n Plastic and Reconstructive Surgery,\n Psychiatry,\n Pulmonology,\n Radiology,\n Rheumatology,\n Urology,\n Vascular Surgery","OPD Services 9 am to 12 pm,\nIn-patient, Admissions (IPD-related services)\nAmbulance Facility\nHealth Awareness Lectures/ Workshops,\nExecutive Health Checkups,\nHealth Check Camps,\nBlood Donation, Camps",,,,,,,,,,,,,,,0,,,,,,33,603
24177,,"Manapakkam, 4/112, Mount Poonamalle Road",MIOT Hospitals,"Manapakkam, 4/112, Mount Poonamalle Road",Tamil Nadu,Chennai,0,600089,0,044 22499800,0,0,0,0,0,0,enq@miothospitals.com,0,www.miothospitals.com,"Anaesthesiology,\n Cardiology,\n Cardiothoracic Surgery,\n Cardiovascular Surgery,\n Critical Care,\n Dentistry and Maxillofacial Surgery,\n Dermatology,\n Diabetology,\n Endocrinology\n ENT and Head and Neck Surgery, Gastroenterology,\n General Medicine,\n General Surgery,\n Internal Medicine, Interventional Radiology,\n Medical Oncology\n Nephrology,\n Neuro Surgery,\n Neurology,\n Nuclear Medicine,\n Obstetrics and Gynaecology,\n Ophthalmology,\n Paediatric Cardiology,\n Paediatric Surgery,\n Plastic and Reconstructive Surgery,\n Pulmonology,\n Radiation Oncology,\n Radiology and Imageology,\n Sleep Medicine,\n Spine Surgery,\n Surgical Oncology,\n Urology\n Vascular Surgery","Ambulance Services,\n750 HD CT Scan,\nMRI (for functional imaging and whole body scan)\nUltrasound,\nNuclear Scan with Dual head Gamma Camera,\nOperating Theatre,\nICU,\nBlood Bank,\nDigital Cardiac, Cathlab",,,,,,,,,,,,,,,0,,,,,,33,603
24178,,"No.15, Thousand Lights, Shafee Mohammed Road",Apollo Childrens Hospital,"No.15, Thousand Lights, Shafee Mohammed Road",Tamil Nadu,Chennai,0,600006,0,0,0,0,0,0,0,0,enquiry@apollohospitals.com,0,http://www.apollohospitals.com/Apollo_Children/,"Adolescent medicine,\nAnaesthesiology,\nCardiology/ Cardiothoracic surgery,\nCommunity/Behavioral medicine,\nCritical care medicine,\nDermatology,\nEmergency medicine,\nENT,\nEndocrinology and Metabolism,\n Gastroenterology, [Medical and Surgical]\n General Paediatrics,\n haematology\n Imaging Sciences,\n Infectious diseases,\n Neonatology,\n Neurology/Neurosurgery,\n Nephrology/Urology,\n Occupational therapy,\n Orthopaedics,\n Paediatric surgery,\n Plastic surgery,\n Preventive medicine,\n Psychiatry,\nPulmonology/Allergy/Asthma,\n Rehabilitation medicine,\n Speech and Hearing Therapy","Neonatology care units, Paediatric Intensive care facilities, state of the art Operating rooms including facility for complex cardiac surgeries, procedure rooms, Laboratory services, dedicated clinics for chronic ailments, preventive health, developmental disorders and counselling services",,,,,,,,,,,,,,,0,,,,,,33,603
24179,,"21, Off Greams Road, Greams Lane","Apollo Hospitals, Greams Lane","21, Off Greams Road, Greams Lane",Tamil Nadu,Chennai,0,600006,0,0,0,0,0,18605001066,0,0,enquiry@apollohospitals.com,0,www.apollohospitals.com,"Bariatric Surgery,\n Cardiac Surgery,\n Cardiology,\n Critical Care,\n Endoscopy,\n ENT,\n Gastroenterology,\n Liver Transplant,\n Medical Oncology,\n Nephrology,\n Neurology,\n Oncology,\n Ophthalmology,\n Orthopaedics,\n Spine Surgery,\n Surgical Oncology\n Urology",Customized Preventive Health Checks\nOutpatient Facilities\nConsultation across 57 Specialties\nInpatient Facility\nPriority Admission\nRadiation Packages\nChoice of rooms\nExclusive diet for patients\nMulti-cuisine Service\nAmbulance Service,,,,,,,,,,,,,,,0,,,,,,33,603
24180,,"320, Anna Salai",Apollo Specialty Hospital,"320, Anna Salai",Tamil Nadu,Chennai,0,600035,0,0,0,0,0,0,0,0,enquiry@apollohospitals.com,0,http://chennai.apollohospitals.com/,"ENT and Head and Neck Surgery,\n Medical Oncology,\n Neuro Surgery,\n Neurology,\n Oncology,\n Orthopaedics,\n Plastic and Reconstructive Surgery,\nSurgical Oncology","CT ICU / CCU, Emergency unit,",,,,,,,,,,,,,,,0,,,,,,33,603
24181,,"43, Lakshmi Talkies Road, Shenoy Nagar",Billroth Hospital,"43, Lakshmi Talkies Road, Shenoy Nagar",Tamil Nadu,Chennai,0,600030,0,0,0,0,0,0,0,0,admin@billrothhospitals.com,0,www.billrothhospitals.com,"Cardiology,\n Cardiothoracic Surgery,\n Chest Physician,\n Diabetology,\n ENT,\n Gastroenterology,\n Laboratory Medicine,\n Medical Oncology,\n Nephrology,\n Neuro Surgery,\n Neurology,\n Nuclear Medicine\n Obstetrics and Gynaecology,\n Oncology,\n Orthopaedics,\n Plastic Surgery,\n Radiology,\n Surgical Oncology,\n Vascular Surgery","Diagnostic,\nAmbulance Services,\nEmergency Services,\nCCU,\nTheatre,\nDialysis,\nEndoscopy,\nOT",,,,,,,,,,,,,,,0,,,,,,33,603
24182,,"Chetpet, No.77, Harrington Road",Prashanth Fertility Research Centre,"Chetpet, No.77, Harrington Road",Tamil Nadu,Chennai,0,600031,0,0,0,0,0,0,0,0,info@pfrcivf.com,0,www.pfrcivf.com,"Andrology,\n Anaesthesiology,\n Cosmetology,\n Diabetology,\n ENT,\n Gynaecology,\n IVF and Infertility,\n Nephrology,\n Neurology,\n Orthopaedics and Traumatology,\n Pulmonology,\n Sonology,\n Urology","24 Hour Obstetrics  Care,\nEarly Pregnancy, Assessment Unit - Epau,\nAntenatal Exercise painless, Labour - Epidural Analgesia,\nPainless Labour - Entonox Analgesia,\nOne To One Nursing Care During Labour,\nCord Blood Banking,\nNutritional, Guidance,\nNeonatal And Paediatric, Unit\nNeonatal, Intensive Care Unit\nElectronic Fetal Heart Recording - During Delivery\nBaby Phototherapy\nBaby Warmers\nImmunisation For The Newborn",,,,,,,,,,,,,,,0,,,,,,33,603
24183,,"No 1, Ramachandra Nagar, Porur",Sri Ramachandra Medical Centre (SRMC),"No 1, Ramachandra Nagar, Porur",Tamil Nadu,Chennai,0,600116,0,044 24768402,0,0,0,0,0,0,,0,www.srmc.edu,"Accident and Emergency,\n Anaesthesiology,\n Bio-Chemistry,\n Cardiology,\n Cardiothoracic Surgery,\n Chest Physician,\n Dentistry,\n Dermatology,\n Diabetology,\n Emergency Medicine,\n Endocrinology\n ENT,\n Family Medicine,\n Gastroenterology,\n General Medicine,\n General Surgery\n Gynaecology,\n Liver Transplant\n Micro-Biology,\n Neonatology,\n Nephrology,\n Neuro Surgery,\n Neurology,\n Obstetrics and Gynaecology,\n Oncology,\n Ophthalmology,\n Orthopaedic Surgery,\n Orthopaedics,\n Pathology,\n Paediatric Surgery,\n Paediatrics,\n Physiotherapy,\n Plastic Surgery,\n Psychiatry,\n Pulmonology\n Radiology,\n Rheumatology,\n Sports Medicine,\n Surgical Gastroenterology\n Urology,\n Vascular Surgery,\n Venereology","24 hour pharmacy located in the ground floor,\nSTD calls can be made from the rooms where telePhone-s have been provided, on extra charges.Local calls are charged at the rate of rs.5/- per call and the duration of the calls is three minutes.PCO / STD /ISD services available in the ground floor\nArab TV channels available on extra charges\nFax facility available on extra charges\nXerox facility is available in the library.Extn.No.8109\nGuest laundry service is also available on extra payment\nGift shop is located in the library building.Extn.8112\nBank facility (Indian Bank) Extn.No.8283\nRailway Booking Extn.No.132\nPost office Extn.No.8285\nInternet connection on request\nSRMC Annex Guest house for AC and non AC rooms Extn.No.8310\nGeneral Store in Archana Canteen\nTemple at the entrance of the campus\nOther religious services on request\nIntensive Care Units\nRound the Clock Ambulance Services",,,,,,,,,,,,,,,0,,,,,,33,603
24184,,"4 - A, Dr.J.Jayalalitha Nagar, Mogappair",Madras Medical Mission Hospital - Institute of Cardio Vascular Diseases,"4 - A, Dr.J.Jayalalitha Nagar, Mogappair",Tamil Nadu,Chennai,0,600037,0,105911,0,0,0,0,0,0,icvddoctors@mmm.org.in,0,www.madrasmedicalmission.org,"Anaesthesiology,\n Cardiac Anaesthesia,\n Cardiology,\n Diabetology,\n Gynaecology,\n Laboratory Medicine,\n Nuclear Medicine,\n Paediatric Cardiology,\n Respiratory Medicine,\n Transfusion Medicine","CCU, ICU",,,,,,,,,,,,,,,0,,,,,,33,603
24185,,"Thiruvottriyur, No.393/1, T H Road",Aakash Hospital,"Thiruvottriyur, No.393/1, T H Road",Tamil Nadu,Chennai,0,600019,0,0,0,0,0,0,"044 49304200, 044 49304299",0,contact@aakashhospital.in,0,www.aakashhospital.in,"Anaesthesiology,\n Bariatric Surgery,\n Cardiology,\n Chest Physician,\n Dentistry,\n Dentistry and Maxillofacial Surgery\n Dermatology,\n Diabetology,\n Dietetics,\n Endocrinology,\n Endoscopy,\n ENT,\n Gastroenterology,\n General Medicine,\n General Surgery,\n Interventional Radiology,\n Laparoscopic Surgery,\n Nephrology,\n Neuro Surgery,\n Neurology,\n Obstetrics and Gynaecology,\n Oncology,\n Ophthalmology,\n Orthopaedics,\n Pathology,\n Paediatrics,\n Physiotherapy,\n Plastic and Reconstructive Surgery,\n Plastic Surgery\n Psychiatry,\n Radiology,\n Surgical Gastroenterology\n Urology,\n Uro Surgery,","Radiology and Imaging Sciences,\nUltra Sonogram,\nEcho Cardiography,\nColor Doppler,\nX-Ray\nECG,\nPhysiotherapy,\nAnaesthesiology,\nIRCU,\nLaboratory Services,\nBlood Bank,\n24 hrs Pharmacy,\nAmbulance Service,\nEmergency Services,\nHealth Care, Packages\nPsychiatry and Counselling,\nCanteen / Dietary, Services",,,,,,,,,,,,,,,0,,,,,,33,603
24186,,"12 - A, Nageswara Road, Nungambakkam",Kanchi Kamakoti Childs Trust Hospital,"12 - A, Nageswara Road, Nungambakkam",Tamil Nadu,Chennai,0,600034,0,0,0,0,0,0,0,0,kkcth@airtelmail.in,0,www.childstrusthospital.in,"Anaesthesiology,\n Cardiology,\n Dentistry,\n Endocrinology,\n ENT, Gastroenterology,\n Genetics,\n Hemato Oncology,\n Micro-Biology,\n Neonatology,\n Nephrology,\n Neuro Surgery,\n Ophthalmology,\n Orthopaedics,\n Paediatric Surgery,\n Physical Medicine and Rehabilitation,\n Physiotherapy,\n Plastic Surgery,\n Psychiatry,\n Pulmonology,\n Radiology,\n Speech Therapy\n Urology","Emergency,\nCT Scan,\nIntensive Care Unit,\nBlood Bank\nBiochemistry Lab",,,,,,,,,,,,,,,0,,,,,,33,603
24187,,"No.645, TH Road, Tondiarpet","Apollo Hospitals, Tondiarpet","No.645, TH Road, Tondiarpet",Tamil Nadu,Chennai,0,600081,0,"1066, 044 28290792",0,0,0,0,0,0,enquiry@apollohospitals.com,0,www.apollohospitals.com,Anaesthesiology\n Cardiology\n Cardiothoracic Surgery\n Cosmetology\n Dermatology\n Diabetology\n Endocrinology\n ENT\n Gastroenterology\n Geriatrics\n haematology\n Neonatology\n Nephrology\n Neurology\n Obstetrics and Gynaecology\n Ophthalmology\n Orthopaedics\n Paediatrics\n Physiotherapy\n Plastic Surgery\n Radiology\n Rheumatology\n Urology\n Vascular Surgery,,,,,,,,,,,,,,,,0,,,,,,33,603
24188,,"15, Dr.Radha Krishnan Salai, Mylapore",CSI Kalyani Hospital,"15, Dr.Radha Krishnan Salai, Mylapore",Tamil Nadu,Chennai,0,600004,0,0,0,0,0,0,0,0,csikalyanihospital@rocketmail.com,0,www.csikalyanihospital.com,Allergy\n Anaesthesiology\n Cardiology\n Cosmetology\n Dentistry\n Dermatology\n Endocrinology\n ENT\n Gastroenterology\n General Medicine\n General Surgery\n Haematology\n Nephrology\n Neurology\n Obstetrics and Gynaecology\n Ophthalmology\n Orthopaedics\n Paediatric Surgery\n Paediatrics\n Physiotherapy\n Plastic Surgery\n Psychiatry\n Pulmonology\n Urology,24 Hours Emergency and Trauma care\n24 Hours Ambulance Services\nIntensive Care Unit (ICU)\nNeonatal Intensive Care Unit (NICU)\n24 Hours Laboratory Services\nRadiology and Imaging Services\n24 Hours Pharmacy\nDialysis Unit\nSatellite Blood Bank\nOptical Shop\nChapel\nEndoscopy\nLaparoscopy\nBronchoscopy\nArthroscopy\nColposcopy\nHysteroscopy\nMaster Health Check up\nPain Clinic\nImmunization Clinic\n24 Hours Canteen\nFitness Centre,,,,,,,,,,,,,,,0,,,,,,33,603
24189,,"5/639, Old Mahabalipuram Road, Kandanchavadi, Perungudi",Lifeline Multi Speciality Hospital,"5/639, Old Mahabalipuram Road, Kandanchavadi, Perungudi",Tamil Nadu,Chennai,0,600096,0,0,0,0,0,0,0,0,enquiry@lifelinehospitals.com,0,www.lifelinehospitals.com,"Dermatology,\n Diabetology,\n ENT, Gastroenterology,\nGeneral and Laparoscopic Surgery,\n Geriatrics,\n Internal Medicine, Neurology,\n Obstetrics and Gynaecology\n Ophthalmology,\n Orthopaedics and Traumatology,\n Paediatrics,\n Psychiatry,\n Urology","Weight Loss Surgery,\nPainless Surgery,\nKey hole Surgery,\nFat Surgery,,\n Sleeve Gastrectomy Surgery,\n Fundoplication Surgery,\nTummy Tuck Surgery,\n Bypass Surgery,\nInternational Patient Services,\nTelemedicine,\nCorporate Health Care Service,\nBrain and Spine Care,\nThe Chief Minister Insurance Scheme,\nCorporate Social, Responsibility",,,,,,,,,,,,,,,0,,,,,,33,603
24190,,"New No.72, Old No.148, Luz Church Road, Mylapore",Chennai Meenakshi Multispeciality Hospital,"New No.72, Old No.148, Luz Church Road, Mylapore",Tamil Nadu,Chennai,0,600004,0,0,0,0,0,0,0,0,cmmhospitals@gmail.com,0,www.cmmh.in,"Cardiology,\n Cosmetic Surgery,\n Dentistry,\n Dermatology,\n Diabetology,\n Endocrinology,\n ENT,\nGastro Surgery,\nGastroenterology,\nGeneral Medicine,\nGeneral Surgery,\n Internal Medicine, Nephrology,\n Neuro Surgery,\n Neurology,\n Ophthalmology,\n Orthopaedics and Traumatology,\n Paediatrics,\n Physiotherapy,\n Psychiatry,\n Radiology,\n Rheumatology\n Surgical Oncology\n Urology,\n Vascular Surgery","Well Equipped, Operation Theatre\nCasualty, Department\n24 Hours Dialysis Centre\nDiagnostic Services\nC.T.SCAN and X-Ray machine,\nUltrasound, machine/Echocardiography,\n24 Hours Pharmacy\nHealth Check-Up",,,,,,,,,,,,,,,0,,,,,,33,603
24191,,"7, Barnaby Road, Kilpauk","Aditya Hospital, Kilpauk","7, Barnaby Road, Kilpauk",Tamil Nadu,Chennai,0,600010,0,044 26411447,0,0,0,0,0,0,adityahospital@gmail.com,0,www.adityahospital.co.in,"Anaesthesiology,\n Cardiology,\n Dentistry,\n Dermatology,\n Endocrinology,\n ENT,\n Gastroenterology\n Gynaecology,\n Nephrology,\n Neurology,\n Oncology,\n Ophthalmology,\n Orthopaedics,\n Pulmonology,\n Urology","Treadmil Test (Cardiac),\nMedical Clinic,\nECHO and 3D, Doppler study\nHeart, Hypertension, Diabetes and Lipid Clinic,\nECG,\nGynec and Infertility Clinic,\nTrop-I and Heart, Attack Testing\nPaediatric Clinic,\n24 Hr Laboratory Services,\nSpecialty Clinics - ENT, Skin etc\nWalk-in anytime, Blood Testing\nMedical Checkup Clinic\nAll Biochemical Tests\nLong-term Care for Debilities\nAll Culture and Sensitivity Tests\nFully-Equipped, 24Hr Casualty\nAll Biopsies\nOperation Theatre Major\nFNAC\nOperation Theatre Minor\nPregnancy Ultrasound Scan\nLaparoscopy Surgeries\nWhole Abdomen Scan\nBirthing Suites\nArterial Doppler Study\nNewborn Resuscitation Unit\nVenous Doppler Study\nNewborn Phototherapy\nSingle Organ Scan\nMedical and Cardiac ICU\nX-ray\nSurgical and Trauma ICU\nRadiology procedures\nDiabetic ICU\nPFT - Lung Function Tests\nPrivate AC Rooms\nThyroid Testing\nPrivate Non-AC Rooms\nUpper Gl Scopy\nDeluxe AC\nColonoscopy\nSemi Private\nBarium Studies\nGeneral Ward\nLaparoscopy Diagnosis\nIsolation Ward For Infections\nPAP Smear\nHysterosalpingogram\nLaryngoscopy\nDiagnostic Nasal Endoscopy\nBronchoscopy\nNarcotic Drugs and Alcohol Testing",,,,,,,,,,,,,,,0,,,,,,33,603
24192,,"241, G.S.T.Road, Chromepet",Parvathy Hospital,"241, G.S.T.Road, Chromepet",Tamil Nadu,Chennai,0,600044,0,0,0,0,0,0,0,0,,0,www.parvathyhospital.com,"Cardiology,\nCardiothoracic Surgery,\nGastroenterology,\nGeneral Medicine, Joint Replacement Surgery\nNephrology,\nNeuro Surgery,\nNeurology\nOrthopaedics,\nPlastic Surgery,\nRheumatology,\nSpine Related Disorders,\nSpine Surgery,\nVascular Surgery,","CT Scan,\nAmbulance Services, for safe transport, located at Strategic Locations,\nIntra Operative C Arm,\nIntra Operative DSA,\nPentero Ziess, Microscope\nIntra Operative CT for Computer Assisted Navigation Surgeries,\nUltra Modern ICU\nAdvanced Digital, X-Ray\nGeneral Ward,\nSuite Rooms,\nIntra Operative CT for Computer Assisted Navigation Surgeries,\nExclusive, Orthopaedic and Neuro Care Beds.\n9-bedded casualty with Hyper Baric Oxygen Chamber.\n26-bedded ICU with NegativePressure Chamber and International Quality Pendents.\n36 rooms with contemporary styled architecture / 30 Self-sufficient General Ward beds.\nAll wards and rooms have modern motorised 5-Position cots of international standards with remote control.\nOperation Theatre has Intelligent OR, fully integrated with Brain Suite Net.\nOperation Theatres with Laminor Airflow\nOperation Theatre for General Surgery",,,,,,,,,,,,,,,0,,,,,,33,603
24193,,"No: 827, Poonamallee High Road",KKR Ent Hospital and Research Institute (P) Ltd,"No: 827, Poonamallee High Road",Tamil Nadu,Chennai,0,600010,0,0,0,0,0,0,0,044 2641 2727,enquiry@kkrenthospital.org,0,http://www.kkrenthospital.org/,Ent,,,,,,,,,,,,,,,,0,,,,,,33,603
24194,,"Block No l.122/169-170,\nCPWD Quarters, Indira Nagar, Adyar\n",Adyar Dispensary,"Block No l.122/169-170,\nCPWD Quarters, Indira Nagar, Adyar\n",Tamil Nadu,Chennai,0,600020,0,0,0,0,0,0,0,0,0,0,http://nb.bsf.gov.in/CGHS%20DIspenseries.pdf,0,0,0,0,0,0,0,0,0,0,0,0,0,0,0,0,0,0,0,0,0,0,33,603
24195,,"Revenue Quarters, No.15, Ranganathan\nGarden, Anna Nagar",Ana Nagar Dispensary and Polyclinic Central,"Revenue Quarters, No.15, Ranganathan\nGarden, Anna Nagar",Tamil Nadu,Chennai,0,600040,0,0,0,0,0,0,0,0,0,0,http://nb.bsf.gov.in/CGHS%20DIspenseries.pdf,0,0,0,0,0,0,0,0,0,0,0,0,0,0,0,0,0,0,0,0,0,0,33,603
24196,,"No.64,\nThathamuthiappan Street, George Town",George Town Dispensary,"No.64,\nThathamuthiappan Street, George Town",Tamil Nadu,Chennai,0,600001,0,0,0,0,0,0,0,0,0,0,http://nb.bsf.gov.in/CGHS%20DIspenseries.pdf,0,0,0,0,0,0,0,0,0,0,0,0,0,0,0,0,0,0,0,0,0,0,33,603
24197,,"No.1, 1st Street,\nGopalapuram",Gopalapuram Dispensary,"No.1, 1st Street,\nGopalapuram",Tamil Nadu,Chennai,0,600086,0,0,0,0,0,0,0,0,0,0,http://nb.bsf.gov.in/CGHS%20DIspenseries.pdf,0,0,0,0,0,0,0,0,0,0,0,0,0,0,0,0,0,0,0,0,0,0,33,603
24198,,"Block No.6/1-5, BCG\nStaff Quarters, Guindy",Guindy Dispensary,"Block No.6/1-5, BCG\nStaff Quarters, Guindy",Tamil Nadu,Chennai,0,600032,0,0,0,0,0,0,0,0,0,0,http://nb.bsf.gov.in/CGHS%20DIspenseries.pdf,0,0,0,0,0,0,0,0,0,0,0,0,0,0,0,0,0,0,0,0,0,0,33,603
24199,,"GPRA Complex, CPWD Quarters, K.K.Nagar",K.K.Nagar Dispensary and Polyclinic,"GPRA Complex, CPWD Quarters, K.K.Nagar",Tamil Nadu,Chennai,0,600078,0,0,0,0,0,0,0,0,0,0,http://nb.bsf.gov.in/CGHS%20DIspenseries.pdf,0,0,0,0,0,0,0,0,0,0,0,0,0,0,0,0,0,0,0,0,0,0,33,603
24200,,"DGQA Complex,\nMeenambakkam",Meenambakkam Dispensary,"DGQA Complex,\nMeenambakkam",Tamil Nadu,Chennai,0,600114,0,0,0,0,0,0,0,0,0,0,http://nb.bsf.gov.in/CGHS%20DIspenseries.pdf,0,0,0,0,0,0,0,0,0,0,0,0,0,0,0,0,0,0,0,0,0,0,33,603
24201,,"Quarter No.16-19\n CDA Residential Complex, Nandambakkam",Nandambakkam Dispensary,"Quarter No.16-19\n CDA Residential Complex, Nandambakkam",Tamil Nadu,Chennai,0,600089,0,0,0,0,0,0,0,0,0,0,http://nb.bsf.gov.in/CGHS%20DIspenseries.pdf,0,0,0,0,0,0,0,0,0,0,0,0,0,0,0,0,0,0,0,0,0,0,33,603
24202,,"Nungambakkam Dispensary CandB Block, 1st\nFloor, Shastri Bhavan, Haddows Road",Nungambakkam Dispensary CandB Block,"Nungambakkam Dispensary CandB Block, 1st\nFloor, Shastri Bhavan, Haddows Road",Tamil Nadu,Chennai,0,600006,0,0,0,0,0,0,0,0,0,0,http://nb.bsf.gov.in/CGHS%20DIspenseries.pdf,0,0,0,0,0,0,0,0,0,0,0,0,0,0,0,0,0,0,0,0,0,0,33,603
24203,,"No 28, Perambur High\nRoad, Perambur",Perambur Dispensary,"No 28, Perambur High\nRoad, Perambur",Tamil Nadu,Chennai,0,600012,0,0,0,0,0,0,0,0,0,0,http://nb.bsf.gov.in/CGHS%20DIspenseries.pdf,0,0,0,0,0,0,0,0,0,0,0,0,0,0,0,0,0,0,0,0,0,0,33,603
24204,,"Kamaraj Saalai, R.A.Puram",Raja Annamalai Puram Dispensary No.6,"Kamaraj Saalai, R.A.Puram",Tamil Nadu,Chennai,0,600028,0,0,0,0,0,0,0,0,0,0,http://nb.bsf.gov.in/CGHS%20DIspenseries.pdf,0,0,0,0,0,0,0,0,0,0,0,0,0,0,0,0,0,0,0,0,0,0,33,603
24205,,"Mannar Swami Koil Street, Royapuram","Royapuram Dispensary, No.108 and 109","Mannar Swami Koil Street, Royapuram",Tamil Nadu,Chennai,0,600013,0,0,0,0,0,0,0,0,0,0,http://nb.bsf.gov.in/CGHS%20DIspenseries.pdf,0,0,0,0,0,0,0,0,0,0,0,0,0,0,0,0,0,0,0,0,0,0,33,603
24206,,"No.54, Akbar Sahib\nStreet, Triplicane",Triplicane Dispensary,"No.54, Akbar Sahib\nStreet, Triplicane",Tamil Nadu,Chennai,0,600005,0,0,0,0,0,0,0,0,0,0,http://nb.bsf.gov.in/CGHS%20DIspenseries.pdf,0,0,0,0,0,0,0,0,0,0,0,0,0,0,0,0,0,0,0,0,0,0,33,603
24207,,"No.143, Perambur\nBarracks Road Vepery",Vepery Dispensary,"No.143, Perambur\nBarracks Road Vepery",Tamil Nadu,Chennai,0,600007,0,0,0,0,0,0,0,0,0,0,http://nb.bsf.gov.in/CGHS%20DIspenseries.pdf,0,0,0,0,0,0,0,0,0,0,0,0,0,0,0,0,0,0,0,0,0,0,33,603
24208,,"No.81-85, Annai Therasa Street, Indira Nagar",A.N.N.Hospital,"No.81-85, Annai Therasa Street, Indira Nagar",Tamil Nadu,Chennai,Valasaravakkam,600087,0,"044 24869301, 07299906307",0,0,0,0,0,0,annhospitals@gmail.com,0,www.annhospital.com,"Pre Conceptional Clinic, Gynaecology, Pre Marital Counseling and Family Planning,\nMenopausal Clinic, Sexual Problems, Opthalmology, Urologoy, Cancer Screening, Oncology, Infertility,\nDiabetology, Nephrology, Psychiatry, Plastic Surgeon, Paediatric surgeon, ENT and Neurology, Cardiology, Cardio thoracic Surgery",Delivery Baby\nBone and Join Replacement\nHeart and Diabetes\nDialysis / Kidney Stones\nEndoscopy and Laproscopy\nArthroscopy\nKey Hole Surgery\nDental / Facial / Plastic Surgery\nNeurology (Surgery and Medical)\nGastroenterology,0,0,0,0,0,0,0,0,0,0,0,0,0,0,0,0,0,0,0,0,33,603
24209,,"No.22/2, E.S.I.Hospital Road",Abhijay Hospital P.Ltd,"No.22/2, E.S.I.Hospital Road",Tamil Nadu,Chennai,Peravallur,600011,0,0,0,0,0,0,0,0,0,0,http://www.abhijayhospital.com/,"Obstetrics and Gynaecology, Invitro Fertilization, Cardiology, Orthopaedics, Paediatrics, Plastic Surgery,\nNeuro Surgery, Neuro Physician, Gastroenterology, Surgical Gastroenterology, Pulmonology, Diabetology, Oncology, Surgeons, Anaesthetia, Dentist, Vascular Surgery, Dermatology, Nephrology, Urology, Psychiatrics, Psychology, Physiotherapy, Dietician","General Ward, Emergency, Out Patient, In Patient, Diagnosis, Laboratory, Pharmacy, Cafeteria, Insurance, Checkups",0,0,0,0,0,0,0,0,0,0,0,0,0,0,0,0,0,0,0,0,33,603
24210,,"7, Barnaby Road",Aditya Hospital,"7, Barnaby Road",Tamil Nadu,Chennai,Kilpauk,600010,0,0,0,0,0,0,0,0,0,0,http://www.adityahospital.co.in/,0,0,0,0,0,0,0,0,0,0,0,0,0,0,0,0,0,0,0,0,0,0,33,603
24211,,"New No.80, 7th Avenue, Ashok Nagar",Ammayi Eye Hospital,"New No.80, 7th Avenue, Ashok Nagar",Tamil Nadu,Chennai,Ashok Nagar,600093,0,0,0,0,0,0,0,0,contact@ammayieyehospital.com,0,http://www.ammayieyehospital.com/,0,"Phaco Emulsification, Intraocular Lens, Foldable IOL, Multi Focal IOL, Iridex Green Laser, Zeiss Yag Laser",0,0,0,0,0,0,0,0,0,0,0,0,0,0,0,0,0,0,0,0,33,603
24212,,"New No.310, Mint Street, Sowcarpet",Amrit Hospital,"New No.310, Mint Street, Sowcarpet",Tamil Nadu,Chennai,0,600079,0,0,0,0,0,0,0,0,0,0,http://www.amrithospital.com/,"Ophthalmology, Obstetrics and Gynecology, Chest Medicine, Dermatology, Diabetology, ENT, General Medicine and Geriatrics, General Surgery, Orthopedics, Physiotherapy, Urology","Humpherey Visual field Analyzer, A.Scan Biometry, Computerised Refraction, Contact Lens, Glaucoma Surgery Squint",0,0,0,0,0,0,0,0,0,0,0,0,0,0,0,0,0,0,0,0,33,603
24213,,"21, Greams Road, Off.Greams Lane",Apollo Hospital,"21, Greams Road, Off.Greams Lane",Tamil Nadu,Chennai,0,600006,0,0,0,0,0,0,0,0,enquiry@apollohospitals.com,0,http://chennai.apollohospitals.com/,0,0,0,0,0,0,0,0,0,0,0,0,0,0,0,0,0,0,0,0,0,0,33,603
24214,,"No.41/42, 53/54, Sathyadev Avenue, Mrc Nagar",Apollo Specialty Hospitals Private Limited,"No.41/42, 53/54, Sathyadev Avenue, Mrc Nagar",Tamil Nadu,Chennai,0,600028,0,0,0,0,0,0,0,0,0,0,0,0,0,0,0,0,0,0,0,0,0,0,0,0,0,0,0,0,0,0,0,0,0,33,603
24215,,"320, Anna Salai, Teynampet, Nandanam",Apollo Speciality Hospitals,"320, Anna Salai, Teynampet, Nandanam",Tamil Nadu,Chennai,Teynampet,600035,0,0,0,0,0,0,0,0,"cancercare@apollohospitals.com, apollospeciality@apollohospitals.com",0,http://chennai.apollohospitals.com/apollo-speciality-hospitals,0,0,0,0,0,0,0,0,0,0,0,0,0,0,0,0,0,0,0,0,0,0,33,603
24216,,"320, Anna Salai",Apollo Cancer Hospital,"320, Anna Salai",Tamil Nadu,Chennai,0,600018,0,0,0,0,0,0,0,0,0,0,0,0,0,0,0,0,0,0,0,0,0,0,0,0,0,0,0,0,0,0,0,0,0,33,603
24217,,"22, Greams Road",Apollo Hospitals,"22, Greams Road",Tamil Nadu,Chennai,0,600006,0,0,0,0,0,0,0,0,0,0,0,0,0,0,0,0,0,0,0,0,0,0,0,0,0,0,0,0,0,0,0,0,0,33,603
24218,,"21, Greams Road",Apollo Hospital Enterprises Ltd,"21, Greams Road",Tamil Nadu,Chennai,0,600006,0,0,0,0,0,0,0,0,0,0,0,0,0,0,0,0,0,0,0,0,0,0,0,0,0,0,0,0,0,0,0,0,0,33,603
24219,,"105, C-In-C Road",Apollo Medical Centre,"105, C-In-C Road",Tamil Nadu,Chennai,0,600105,0,0,0,0,0,0,0,0,0,0,0,0,0,0,0,0,0,0,0,0,0,0,0,0,0,0,0,0,0,0,0,0,0,33,603
24220,,"No.3, Behind Nilgiris Department Stores, Off Dr.Radhakrishnan Road, P S Sivaswamy Salai, CIT Colony",A.V.M.Medicals ENT Research Foundation Pvt Ltd,"No.3, Behind Nilgiris Department Stores, Off Dr.Radhakrishnan Road, P S Sivaswamy Salai, CIT Colony",Tamil Nadu,Chennai,Mylapore,600004,0,0,0,0,0,0,0,0,"avmmerf@sify.com, ravikv@mail.com",0,www.avmmmerf.com,0,0,0,0,0,0,0,0,0,0,0,0,0,0,0,0,"44    24994957, 24671452, 42034567",0,0,0,0,0,33,603
24221,,"No - 1201, 6th Avenue",Aashiana Hospital,"No - 1201, 6th Avenue",Tamil Nadu,Chennai,Anna Nagar,600040,0,0,0,0,0,0,0,0,info@aashianachennai.com,0,http://www.aashianachennai.com/p/home.html,"Adult Psychiatry, Child Psychiatry service offered, Geriatric psychiatric services, Psychological Services",0,0,0,0,0,0,0,0,0,0,0,0,0,0,0,,0,0,0,0,0,33,603
24222,,"No.28, Cathedral Gardens Road, Near Hotel Palmgrove",B.R.S.Hospitals Pvt.Ltd,"No.28, Cathedral Gardens Road, Near Hotel Palmgrove",Tamil Nadu,Chennai,Nungambakkam,600034,0,0,0,0,0,0,0,0,drmadhu@brshospital.com,0,http://www.brshospital.com/,"Cardiology, Nephrology, Haematology, Neurology, Pediatrics and Neonatology, Diabetology, Oncology, Psychiatry, Dermotology, Radiology and Imaging, Orthopedic Surgery ( Trauma and Joint Replacement), General Surgery, Surgical Gastroenterology, Urology, Neuro Surgery, Opthalmology, Obstetrics and Gynaecology, Hand Injury Unit, Spine Surgery, Laparoscopic Surgery, Oncology, Surgical, Oncology, Arthoscopic Surgery, Rehabilitation",0,0,0,0,0,0,0,0,0,0,0,0,0,0,0,0,0,0,0,0,0,33,603
24223,,"200, Ramakrishna Multi Road",B.S.S.Hospital,"# 200, Ramakrishna Multi Road",Tamil Nadu,Chennai,Mandaveli,600028,0,0,0,0,0,0,0,0,hospitalbss@yahoo.com,0,http://www.bsshospital.com/,0,"Pediatric and Neonatology, Gynaecology, MARC - Infertility Clinic, Plastic and Cosmetic Surgery",0,0,0,0,0,0,0,0,0,0,0,0,0,0,0,0,0,0,0,0,33,603
24224,,"No.20, Gopathi Narayanaswami Chetty Road",Bharathi Rajaa Hospitals (P) Ltd,"No.20, Gopathi Narayanaswami Chetty Road",Tamil Nadu,Chennai,Thiyagaraya Nagar,600017,0,0,0,0,0,0,0,0,"info@brhospital.in, brhospital@gmail.com",0,http://www.brhospital.in/,"Accident and Emergency Services 24 hours, General Medicine and General Surgery, Advanced Key Hole Surgery, Geriatrice, Anaemia and Arthrits Clinic, Gastroenterology ( Medical and Surgical ), Allergy and Arthma Clinic, Gynaecology and Obstetric, Alcoho abuse Clinic, Hypertensive Clinic, Alcoho abuse Clinic, Homeopathy Clinic, Burns Unit, Hematology, Cardiology and lnterventional, Cardiology, Holistic Approach Clinic Nutritionist and Psycologist, Cardio Thoracic Surgery, Neurology and Neuro Surgery, Coronary Care Unit, Nephrology, Chest Diseases Department, Ophthalmology, Dermatology ( Skin Department ), Orthopaedic Surgery, Dental Clinic, Oncology ( Cancer Medical and Surgical ), ENT, Paediatric Surgery, Endocrinology Department, Plastic, Surgery and Cosmetic Surgery, Reiki, Psychiatry, Radiology and Sonology, Pain and Palliative Care,, Sports lnjury, Stroke Therapy Unit, Urology, Vascular Surgery, Unani",0,0,0,0,0,0,0,0,0,0,0,0,0,0,0,044 24341982,0,0,0,0,0,33,603
24225,,"52, 2nd Main Road","Billroth Hospitals, R A Puram","52, 2nd Main Road",Tamil Nadu,Chennai,Rajaannamalaipuram,600028,0,0,0,0,0,0,0,0,0,0,http://www.billrothhospitals.com/,0,0,0,0,0,0,0,0,0,0,0,0,0,0,0,0,0,0,0,0,0,0,33,603
24226,,"43, Lakshmi Talkies Road",Billroth Health Centre,"43, Lakshmi Talkies Road",Tamil Nadu,Chennai,Shenoy Nagar,600030,0,0,0,0,0,0,0,0,support@billroth.com,0,http://www.billrothhospitals.com/,"Oncology, Nuclear Medicine, Cardiology, Cardio Thoracic Surgery, Chest, Medicine, Orthopaedics, Gastroenterology, Obstetrics and Gynaecology, ENT, IVF, Urology and Nephrology, Neurology, Diabetology, Plastic Surgery, Paediatric Surgery, Radiology, Dental Sciences, Podiatric",0,0,0,0,0,0,0,0,0,0,0,0,0,0,0,0,0,0,0,0,0,33,603
24227,,"No.52, II Main Road",Billroth Hospitals Ltd,"No.52, II Main Road",Tamil Nadu,Chennai,R.A.Puram,,0,0,0,0,0,0,0,0,0,0,http://www.billrothhospitals.com/,0,0,0,0,0,0,0,0,0,0,0,0,0,0,0,0,0,0,0,0,0,0,33,603
24228,,"36, 5th Main Road, Thillai Ganga Nagar",B.M.Hospital,"36, 5th Main Road, Thillai Ganga Nagar",Tamil Nadu,Chennai,Nanganallur,600061,0,"0860800 1182, 044 22672182, 044 22671182, 044 22670277, 044 22670884, 044 22670886",0,0,0,0,044 22672182,0,"dr.thiagarajan@bmhospitals.com, dr.vasundra@bmhospitals.com",0,http://bmhospitals.com/,"Intensive Care Unit, Gynecology, obstetrics and infertility, General Surgery, Medical Department, Urology, Nephrology, Gastroenterology (medical), Gastroenterology (surgical), ENT, Ophthalmology Department, Orthopaedic Department, Paediatric Department, Neuromedicine, Neuro Surgery, Plastic Surgery, Dermatology Department, Psychiatry, Chest Department, Oncology Department, Dental Department, Para Medical Facilities, 24hrs Pharmacy, X Ray, Lab, Sonology",0,0,0,0,0,0,0,0,0,0,0,0,0,0,0,0,0,0,0,0,0,33,603
24229,,"1, Lawyer Janardhan Street",SRI Balaji Hospital,"1, Lawyer Janardhan Street",Tamil Nadu,Chennai,Guindy,600032,0,0,0,0,0,0,0,0,0,0,http://sribalajihospital.com/,"Cardiology, Dermatology, Diabetology, Endocrinology, Gastroenterology, Intensive Care Medicine, Neurology, Paediatrics, Psychiatry, Pulmonology, Radiology,, Orthopedics, ENT, General Surgery, Neurosurgery, Obstetrics and gynaecology, Ophthalmology, Oral and Maxillofacial Surgery, Plastic and Cosmetic Surgery, Urology",0,0,0,0,0,0,0,0,0,0,0,0,0,0,0,0,0,0,0,0,0,33,603
24230,,"No.7, Works Road",Sree Balaji Medical College and Hospital,"No.7, Works Road",Tamil Nadu,Chennai,Chromepet,600044,0,0,0,0,0,0,0,0,sbmc  h@yahoo.com,0,http://www.sbmch.ac.in/,"Anatomy, Physiology, Biochemistry, Pathology, Microbiology, Forensic Medicne and Toxicology, Pharmacology, Paediatrics, Community Medicine, Anaesthesiology and Pain Clinic, ENT and Head Neck Surgery, Ophthalmology, General Medicine, General Surgery, Obstetrics and Gynaecology, Orthopaedics, Psychiatry, Chest and TB, Dermatology, Casualty (Accident and Emergency Medicine), Radiology and Imaging Sciences, Cardiac Care Center, Urology and Nephrology, Neuro Surgery, Neurology, Surgical Gastroenterology",0,0,0,0,0,0,0,0,0,0,0,0,0,0,0,0,0,0,0,0,0,33,603
24231,,"Rajiv Gandhi Salai, Old Mahabalipuram Road",Chettinad Super Speciality Hospital,"Rajiv Gandhi Salai, Old Mahabalipuram Road",Tamil Nadu,Chennai,Kelambakkam,603103,0,105757,0,0,0,0,0,0,cssh@chettinadhealthcity.com,0,http://www.chettinadhealthcity.com/,"Cardiology, Cardio Thoracic Surgery (Paediatric), Cardio Vascular Disease and Robotic Surgery, Dermatology, Endocrinology, ENT, General Medicine, General Surgery, Geriatrics, In Vitro Fertilization / Reproductive Medicine, Nephrology, Neurosurgery, Neurology, Obstetrics and Gynaecology, Orthopaedics, Paediatrics, Psychiatry, Urology, Vascular Surgery, Plastic Surgery, Pediatric surgery, Medical Gastroenterology, Surgical Gastroenterology","Anaesthesiology, Audiometry, Chest Medicine and TB, Dentistry, Laparoscopic Surgery, Maxillofacial Surgery, Occupational Therapy, Ophthalmology, Paediatric Surgery, Physiotherapy, Speech Therapy",0,0,0,0,0,0,0,0,0,0,0,0,0,0,0,0,0,0,0,0,33,603
24232,,"No.9, Duraiswamy Nagar, IAF Road, Near Madras Christian College",Christudas Orthopaedic Speciality Hospital,"No.9, Duraiswamy Nagar, IAF Road, Near Madras Christian College",Tamil Nadu,Chennai,East Tamsaram,600059,0,0,0,0,0,0,0,0,"doctor@cosh.in, cosh  ortho@yahoo.co.in",0,http://www.cosh.in/,"Pain, Physio Back School, Internal Medicine, Rheumatology, Joint Pain, Skin, Mind, Cancer, Knee, Urology, Child, Plastic Surgery, Neuro, Gastro, Nephrology, Cardio, Diabetic, Arthroscopy, Vascular, Obesity, ENT, Eye, Endocrinolagy, Head Injury, Woman, Dental, Chest, General Surgical and Laproscopic",0,0,0,0,0,0,0,0,0,0,0,0,0,0,0,"044 2279 0340, 044 2239 1576, 044  2279 0340, 044 2239 1577, 044 2239 1576, 044 2239 1578",0,0,0,0,0,33,603
24233,,"No.1, 47th Street, 5th Main Road",C.M.Hospital,"No.1, 47th Street, 5th Main Road",Tamil Nadu,Chennai,Nanganallur,600 061,0,0,0,0,0,0,0,0,info@cmhospital.in,0,http://www.cmhospital.in/,"Birthing Center, Cradle Fertility Center, Surgical Center, Bone and Joint Center, Non Surgical Treatment, Multi Speciality Hospital",0,0,0,0,0,0,0,0,0,0,0,0,0,0,0,0,0,0,0,0,0,33,603
24234,,"No.15, Dr.Radha Krishnan Salai",C.S.I.Kalyani Multi Speciality Hospital,"No.15, Dr.Radha Krishnan Salai",Tamil Nadu,Chennai,Mylapore,600004,0,0,0,0,0,0,0,0,csikalyanihospital@rocketmail.com,0,www.csikalyanihospital.com,"Allergy, Anaesthesiology, Cancer, Oncology, Psychiatry, Cardiology, Pulmonology, Community Health, Skin And Cosmetology, Dental, Urology, Endocrinology, Ent, Gastroenterology, General And Pediatric Surgery, General Medicine, Haematology, Nephrology, Neurology, Obstetrics andGynaecology, Opthamology, Orthopaedics, Pediatrics, Physiotherapy, Plastic Surgery","Endoscopy, Laparoscopy, Bronchoscopy, Arthroscopy, Colposcopy, Hysteroscopy, Master Health Check up, Pain Clinic, Immunization Clinic",0,0,0,0,0,0,0,0,0,0,0,0,0,0,0,0,0,0,0,0,33,603
24235,,"15, Dr.Radha Krishnan Salai",C.S.I.Kalyani  Multi Speciality Hospital,"15, Dr.Radha Krishnan Salai",Tamil Nadu,Chennai,Mylapore,600004,0,0,0,0,0,0,0,0,csikalyanihospital@rocketmail.com,0,www.csikalyanihospital.com,0,0,0,0,0,0,0,0,0,0,0,0,0,0,0,0,0,0,0,0,0,0,33,603
24236,,"Old No AA-10, New No AA - 85, 2ND-Avenue, Near Roundtana Bus Stop",City Tower Hospitals,"Old No AA-10, New No AA - 85, 2ND-Avenue, Near Roundtana Bus Stop",Tamil Nadu,Chennai,Anna Nagar,600040,0,0,0,0,0,0,0,0,info@citytowerhospitals.com,0,http://www.citytowerhospitals.net/contact.asp,0,0,0,0,0,0,0,0,0,0,0,0,0,0,0,0,0,0,0,0,0,0,33,603
24237,,"NO 45, GA Road, Old Washermanpet",C.S.I.Rainy Multi Speciality Hospital,"NO 45, GA Road, Old Washermanpet",Tamil Nadu,Chennai,0,600 021,0,0,0,0,0,0,0,0,"adminoffice@csirainyhospital.com, Contact@csirainyhospital.com",0,http://csirainyhospital.com/,"Obstetrics and Gynecology, Medicine, Surgery, Pediatric, Dentistry, Ophthalmology, ENT, Orthopedic, Anesthesia",0,0,0,0,0,0,0,0,0,0,0,0,0,0,0,0,0,0,0,0,0,33,603
24238,,"No.-18, East Canal Bank Road, Gandhi Nagar",Cancer Institute,"No.-18, East Canal Bank Road, Gandhi Nagar",Tamil Nadu,Chennai,Adyar,600020,0,0,0,0,0,0,0,0,0,0,http://cancerinstitutewia.in/CIWIA/,0,0,0,0,0,0,0,0,0,0,0,0,0,0,0,0,0,0,0,0,0,0,33,603
24239,,"No:38, Sardar Patel Road",Cancer Institute,"No:38, Sardar Patel Road",Tamil Nadu,Chennai,Adyar,600036,0,0,0,0,0,0,0,0,0,0,http://cancerinstitutewia.in/CIWIA/,0,0,0,0,0,0,0,0,0,0,0,0,0,0,0,0,0,0,0,0,0,0,33,603
24240,,T-80 (New no.24) 5th Main Road,Darshan Eye Clinic,T-80 (New no.24) 5th Main Road,Tamil Nadu,Chennai,Anna Nagar,600040,0,0,0,0,0,0,0,0,"darshaneye@gmail.com, srinikrao@gmail.com, navinjay@yahoo.com",0,0,0,0,0,0,0,0,0,0,0,0,0,0,0,0,0,0,0,0,0,0,0,0,33,603
24241,,"72, Medavakkam Tank Road, Near Jamai Mosque",Deepam Eye Hospital,"72, Medavakkam Tank Road, Near Jamai Mosque",Tamil Nadu,Chennai,Kilpauk,600010,0,0,0,0,0,0,0,0,"deepameyehospital@gmail.com, contact@deepameyehospital.com",0,http://www.deepameyehospital.com/,0,"Diagnostic facilities, Surgical Facilities",0,0,0,0,0,0,0,0,0,0,0,0,0,0,0,0,0,0,0,0,33,603
24242,,"No.107A, G.S.T.Road, Chromepet",Deepam Hospital (P) Ltd.,"No.107A, G.S.T.Road, Chromepet",Tamil Nadu,Chennai,West Tambaram,600044,0,082202 82202,0,0,0,0,0,0,ask@deepamhospitals.com,0,http://www.deepamhospitals.com/,"Dentistry, Dermatology, Emergency and Trauma Care, Ortho and Joint Replacement, Paediatric and Neonatology, ENT, Nephrology, Obstetrics and Gynacology, Dialysis, Opthamology, Urology, Pulmonology, Plastic Surgery, Critical Care, Paediatrics, Endocrinology, General Medicine, Surgical Center",0,0,0,0,0,0,0,0,0,0,0,0,0,0,0,0,0,0,0,0,0,33,603
24243,,"No.107, A Block, 3rd Avenue, Anna Nagar Roundana","Dr.Agarwal's Eye Hospital Ltd., Anna Nagar","No.107, A Block, 3rd Avenue, Anna Nagar Roundana",Tamil Nadu,Chennai,Anna Nagar,600102,0,0,0,0,0,0,0,0,annanagar@dragarwal.com,0,http://www.dragarwal.com/,"Cataract, Cornea and Refractive, Cornea, Lasik, Refractive, Contact Lens, Retina, Orbit and Oculoplasty, Glaucoma, Uvea, Neuro Ophthalmology, Squint and Pediatric Ophthalmology",0,0,0,0,0,0,0,0,0,0,0,0,0,0,0,0,0,0,0,0,0,33,603
24244,,"No-19, Cathedral Road","Dr.Agarwal's Eye Hospital Ltd., Gopala Puram","No-19, Cathedral Road",Tamil Nadu,Chennai,Gopala Puram,600086,0,0,0,0,0,0,0,0,dragarwal@vsnl.com,0,http://www.dragarwal.com/,0,0,0,0,0,0,0,0,0,0,0,0,0,0,0,0,,0,0,0,0,0,33,603
24245,,"No.4, West Mada Church Street",Diabetes Research Centre and M.V.Hospital For Diabetes,"No.4, West Mada Church Street",Tamil Nadu,Chennai,Royapuram,600013,0,0,0,0,0,1800 425 0005,0,0,"drvijay@mvdiabetes.com, appointments@mvdiabetes.com",0,http://www.mvdiabetes.com/,"Diabetes Care and Education, Diabetes Heart Evaluation, Preventive Diabetes Foot Care (Podiatry), Diabetic Eye Care, Appropriate Dental Care for diabetic patients, Diabetes Neuropathy Clinic, State of Art Diagnostic Laboratory, Special Diabetes Counselling, Nutrition and Diet Counselling, Impotence Clinic, Obesity and Lifestyle Counselling, Pain Clinic for special problems in diabetic patients like frozen shoulder, Special Yoga classes for diabetes control, Trained Orthotist and complete In-House Footwear manufacturing Unit for special needs of diabetic patients with all types of foot problems, Multi-disciplinary diabetic Foot clinic with all surgical experts, Dia-Shoppe with products and medicines for diabetes treatment, Weight Management Clinic, Women Wellness Clinic, Healthy Heart Clinic, Special clinic for children with diabetes.",0,0,0,0,0,0,0,0,0,0,0,0,0,0,0,"044 25954913, 044 25954915, 044 6561 2288, 044 6561 2299",0,0,0,0,0,33,603
24246,,"2/234, Velachery Main Road",Dr.G.D.Boaz Memorial Hospital School (Psychiatric Hospital and Rehabilitation Centre),"2/234, Velachery Main Road",Tamil Nadu,Chennai,Santhoshapuram,600073,0,0,0,0,0,0,0,0,gdboazhospital@gmail.com,0,http://www.boazhospital.org/,0,0,0,0,0,0,0,0,0,0,0,0,0,0,0,0,0,0,0,0,0,0,33,603
24247,,"No.1, Bharathi Nagar, Redhills Road",Eswar Medical Foundation,"No.1, Bharathi Nagar, Redhills Road",Tamil Nadu,Chennai,Kolathur,600099,0,0,0,0,0,0,0,0,helpdesk@eswarhospitals.com,0,www.eswarhospitals.com,"Kidney, Urology, Ortho, Joint Replacement, Total Hip Replacement, Knee Reconstruction and Replacement, Arthroscopy, Spinal Surgery, Trauma Care, Limb Reconstruction","Laser Surgery (Lithotripsy), Laparoscopic Surgery, Bariatric (Obesity) Surgery, Hemodialysis Unit, ESWL (Extracorporeal Sockwave Lithotripsy), Endoscopy Unit (Upper GI Scopy, Colonoscopy, ERCP), 24 ICU with ventilator support, 24 Hrs Trauma Unit, Poisoning Treatment, Infertility Unit",0,0,0,0,0,0,0,0,0,0,0,0,0,0,0,0,0,0,0,0,33,603
24248,,"No.52, First Main Road, Gandhi Nagar, Adyar",Fortis Malar Hospital,"No.52, First Main Road, Gandhi Nagar, Adyar",Tamil Nadu,Chennai,Adyar,600020,0,044 4933 4933,0,0,0,0,0,0,contactus.malar@fortishealthcare.com,0,http://www.fortismalar.com/,"Heart Care, Centre for Heart Failure Management, Cardiac Emergency Care, Brain and Spine Care, Centre for Comprehensive Epilepsy Care, Bone and Joint Care, Centre for Knee Replacement, Nephro and Uro Care, Digestive Care, Women Care, Child care, Associate Specialties, Preventive health checks",0,0,0,0,0,0,0,0,0,0,0,0,0,0,0,0,0,0,0,0,0,33,603
24249,,"R 30 C, Ambattur Industrial Estate Road",Frontier Lifeline Hospital,"R 30 C, Ambattur Industrial Estate Road",Tamil Nadu,Chennai,Mogappair,600101,0,0,0,0,0,0,0,0,info@frontierlifeline.com,0,http://www.frontierlifeline.com/,"Cardiology, Cardiac Surgery, Cyanotic and Acyanotic Heart Diseases (Simple and Complex), Vascular Surgery, Gastroenterology",0,0,0,0,0,0,0,0,0,0,0,0,0,0,0,0,0,0,0,0,0,33,603
24250,,"19, K.B Dasan Road (SIET College Road), Alwarpet",Girishwari Hospital Pvt Ltd,"19, K.B Dasan Road (SIET College Road), Alwarpet",Tamil Nadu,Chennai,Alwarpet,600018,0,044 4760 0600,0,0,0,0,0,0,"girishwarihospital@gmail.com, infogirishwarihospital@gmail.com, enquiry@girishwarihospital.com",0,http://girishwarihospital.com/,"Obesity and Bariatric Surgery, General Surgery and Laparoscopic Surgery, Emergency care, Obstetrics and Gynaecology, Orthopaedics, Onocology, Neurology and Neurosurgery, Nephrology and Urology, General and Laparoscopic Surgery, Obstetrics and Gynaecology, Reproductive Technology, Paediatrics, Cardiology, Orthopaedics, Nephrology and Urology, Medical and Surgical Gastroenterology, Obesity and Bariatric, Surgery, Oncology, Neurology and Neurosurgery, Psychiatry, ENT, Dermatology and Cosmetology",0,0,0,0,0,0,0,0,0,0,0,0,0,0,0,0,0,0,0,0,0,33,603
24251,,"439, Cheran Nagar, Perumbakkam",Global Hospitals and Health City,"439, Cheran Nagar, Perumbakkam",Tamil Nadu,Chennai,Perumbakkam,600100,0,080 24242424,0,0,0,0,0,0,web.enquiries@globalhospitalsindia.com,0,http://www.globalhospitalsindia.com/,"Anaesthesiology, Arthroscopy and Sports Medicine, Bariatric Surgery, Breast Oncology, Cardiology, Cardiothoracic and Vascular Surgery, Critical Care, Dentistry, Dermatology, Emergency Medicine and Trauma, Endocrinology, ENT, General Medicine, Gynecology, Heart Transplantation, Hepatology, HPB and Liver Surgery, Interventional Radiology, Kidney Transplantation, Laboratory Medicine, Liver Transplantation, Lung Transplantation, Maxillofacial surgery, Medical Gastroenterology, Medical Oncology, Minimal Invasive Surgery, Multi-Organ Transplantation, Nephrology, Neurology, Neurosurgery, Nuclear Medicine, Obstetrics, Ophthalmology, Orthopaedics and Joint Replacement, Paediatric Surgery, Paediatrics, Plastic Surgery, Psychiatry, Pulmonology, Radiation Therapy, Radiology and Imaging, Rheumatology, Spinal Surgery, Surgical Gastroenterology, Surgical Oncology, Transfusion Medicine, Urology",0,0,0,0,0,0,0,0,0,0,0,0,0,0,0,0,0,0,0,0,0,33,603
24252,,"12/6, City Link Road, Near NGO Colony Bus Stand",G.R.Fertility Centre,"#12/6, City Link Road, Near NGO Colony Bus Stand",Tamil Nadu,Chennai,Adambakkam,600088,0,0,0,0,0,0,0,0,grhospital@gmail.com,0,www.grfertilitycentre.com,"Infertility Treatment:IUI, IVF, ICSI, Embryo transfer, Egg / Embryo Donation, Surrogacy, Blastocyst, Sperm Bank, Andrology, TESA, MESA, PESA, TESE, Sexual Medicine e.t.c.Obstetrics and Gynaecology:Pregnancy (Ante-Natal) Care, Normal Delivery and Cesarean, Menstrual Disorders, Endometriosis, Chocolate Cyst, Ovarian Cyst, Hysterectomy, Fibroid Removal, Sterilization, Polyp Removal, IUD, Insertion, D and C, PAP Smear e.t.c.Gynaecology and Laparoscopy Surgery:Hysterectomy, Hysteroscopy, Sterilization, Endometriosis, Uterine Fibroids, Ovarian Cysts or Tumors, Ectopic Pregnancy, Pelvic Abscess, Ovarian Cysts Removal e.t.c.General and Laparoscopy Surgery:Appendicectomy, Cholecystectomy, Cystoscopy, Hemorrhoidectomy, Hysterectomy, Hysteroscopy, Inguinal Hernia, Mastectomy, Tonsillectomy and Adenoidectomy, Umbilical Hernia e.t.c.Plastic Surgery:Liposuction, Tummy Tuck, Body Contour Surgery, Breast Augmentation, Breast Lift, Breast Reduction, Breast Reconstruction",0,0,0,0,0,0,0,0,0,0,0,0,0,0,0,0,0,0,0,0,0,33,603
24253,,"372, Poonamallee High Road",Guest Hospital,"372, Poonamallee High Road",Tamil Nadu,Chennai,Kilpauk,600010,0,0,0,0,0,0,0,0,info@guesthospital.com,0,http://www.guesthospital.com/,"Urology, Diabetology, Obstetrics and Gynecology, Orthopedics, Ortho Biologicals, Plastic Surgery, Neurology, Nephrology, Neurosurgery, Medical Oncology, Surgical Oncology, ENT, Medical Gastroenterology, Surgical Gastroenterology, Cardiology, Intensive Care, Anaesthesia, Pediatrics, General Surgery, Vascular Surgery, Ophthalmology, Laparoscopic Surgery","Laser Surgery, Laparoscopy Surgery, LabourWard, Neonatal Ward",0,0,0,0,0,0,0,0,0,0,0,0,0,0,"044 26413420, 044 26411656, 044 26425296, 044 26425528",0,0,0,0,0,33,603
24254,,"45, Lakshmi Talkies Road",Hande Hospital,"45, Lakshmi Talkies Road",Tamil Nadu,Chennai,Shenoy Nagar,600030,0,0,0,0,0,0,0,0,handehospital@yahoo.com,0,http://www.handehospital.org/,0,0,0,0,0,0,0,0,0,0,0,0,0,0,0,0,0,0,0,0,0,0,33,603
24255,,"65, Nungambakkam High Road (Opposite ICICI and SBI bank  where Haddows Road joins Nungambakkam High Road ), Opposite ICICI and SBI bank\nPonnangipuram, Tirumurthy Nagar\n",Hande Medical Centre,"#65, Nungambakkam High Road (Opposite ICICI and SBI bank  where Haddows Road joins Nungambakkam High Road ), Opposite ICICI and SBI bank\nPonnangipuram, Tirumurthy Nagar",Tamil Nadu,Chennai,Nungambakkam,600034,0,0,0,0,0,0,0,0,handehospital@yahoo.com,0,http://www.handehospital.org/,0,0,0,0,0,0,0,0,0,0,0,0,0,0,0,0,0,0,0,0,0,0,33,603
24256,,"24 and 26, 'Swathi', 29 Th Street",Hari Haran Diabetes and Heart Care Hospitals Pvt Ltd,"24 and 26, 'Swathi', 29 Th Street",Tamil Nadu,Chennai,Nanganallur,600061,0,0,0,0,0,0,0,0,info@hariharanhospitals.com,0,http://hariharanhospitals.com/,"Diabetology, Cardiology, Nephrology, Neurology, Medical Oncology, Medical Gastroenterology, Paediatrics, Chest Physcian, Psychiatry, Dermatology, General Surgery and Oncology, Surgical, Orthopaedics, Urology, Neuro Surgery, Ophthalmology, E.N.T., Obstetrics and Gynaecology, Vascular Surgery, Cardiothoracic Surgery, Surgical Gastroenterology and Endoscopy, Plastic Surgery, Lapraroscopic Surgery, Sonology",0,0,0,0,0,0,0,0,0,0,0,0,0,0,0,0,0,0,0,0,0,33,603
24257,,"100 Feet Road, Hindu Colony, Near EB Office",Hindu Mission Health Services,"100 Feet Road, Hindu Colony, Near EB Office",Tamil Nadu,Chennai,Nanganallur,600061,0,"044 22243709, 044 22243026, 044 22240668",0,044-22262244,0,0,0,0,"hmhs61@yahoo.co.in, info@hmhealthservices.in",0,http://hmhealthservices.in/,0,0,0,0,0,0,0,0,0,0,0,0,0,0,0,0,,0,0,0,0,0,33,603
24258,,103 G.S.T.Road,Hindu Mission Hospital,103 G.S.T.Road,Tamil Nadu,Chennai,Tambaram West,600045,0,0,8754595006,044-22262244,0,0,044 22262244,0,hmh@dataone.in,0,http://hindumissionhospital.in/,0,0,0,0,0,0,0,0,0,0,0,0,0,0,0,0,0,0,0,0,0,0,33,603
24259,,"No 5/45, Shanmugam Road, Opposite to old SBI building",Hopkins ENT Hospitals,"No 5/45, Shanmugam Road, Opposite to old SBI building",Tamil Nadu,Chennai,Tambaram west,600045,0,0,0,0,0,0,0,0,shakthesh@yahoo.com,0,www.hopkinsent.in,"Advanced Skull Base Surgeries, Coblation Tonsillectomy and Adenoidectomy, EAR SURGERY for DISCHARGING EAR, Endolaryngeal Surgery, Endoscopic Dacryocystorhinostomy, Snoring, Sinus Surgery, Stapedectomy",0,0,0,0,0,0,0,0,0,0,0,0,0,0,0,0,0,0,0,0,0,33,603
24260,,"786 Anna Salai, CIT Nagar West",Huma Specialists Hospital and Research Centre Pvt Ltd,"786 Anna Salai, CIT Nagar West",Tamil Nadu,Chennai,Nandanam,600035,0,0,0,0,0,0,0,0,admin@humahospital.com,0,http://www.humahospital.com/,"Internist, Endocrinologist, Urologist, Ophthalmologist, Neurologist, General Surgeon, Radiologist, General Preactitioner, Cardiologist, Obstetrician and Gynaecologist, Dermatologist, Pediatrician and Neonatologist, Rheumatologist, Cosmetologist (Plastic Surgeon), Orthopaedician",0,0,0,0,0,0,0,0,0,0,0,0,0,0,0,0,0,0,0,0,0,33,603
24261,,"34-37, Kalki Krishnamurthy Salai",Impcops Hospital,"34-37, Kalki Krishnamurthy Salai",Tamil Nadu,Chennai,Thiruvanmiyur,600041,0,0,0,0,0,0,0,0,"impcops@dataone.in, contact@impcops.org",0,http://www.impcops.org/,0,"Siddha, Ayurveda, Unani",0,0,0,0,0,0,0,0,0,0,0,0,0,0,0,0,0,0,0,0,33,603
24262,,"No.3, Kothanda Nadar Nagar, Sriperumbudur, Nenmeli",Jaya Hospital,"No.3, Kothanda Nadar Nagar, Sriperumbudur, Nenmeli",Tamil Nadu,Chennai,Kancheepuram,602105,0,0,0,0,0,0,0,0,"info@jayahospital.com, jayahospitals@gmail.com",0,http://www.jayahospital.com/,0,"General Surgery, Orthopeadics, General Medicine, Plastic Surgery, Obstetrics and Gynecology, Diabetologist, ENT, Radiologist, Ophthalmology, Ultrasound, Scan, Urology, Dentistry, Dermatologist",0,0,0,0,0,0,0,0,0,0,0,0,0,0,0,0,0,0,0,0,33,603
24264,,"AB-14/4907, Balasubramanian Building, Opposite Sri Ayyappa Temple, 6th Main Road",K.H.M.Hospital,"AB-14/4907, Balasubramanian Building, Opposite Sri Ayyappa Temple, 6th Main Road",Tamil Nadu,Chennai,Anna Nagar,600040,0,0,0,0,0,0,0,0,khmhospital@gmail.com,0,http://khmhospital.com/,0,0,0,0,0,0,0,0,0,0,0,0,0,0,0,0,0,0,0,0,0,0,33,603
24265,,"New-182, Old-927, Poonamalee High Road, Flower Road",K.J.Hospital,"New-182, Old-927, Poonamalee High Road, Flower Road",Tamil Nadu,Chennai,0,600084,0,0,0,0,0,0,0,0,kjh@rediffmail.com,0,http://kjhospital.net/kjhospital/Welcome.aspx,0,0,0,0,0,0,0,0,0,0,0,0,0,0,0,0,0,0,0,0,0,0,33,603
24266,,"No: 827, Poonamallee High Road",K.K.R.ENT Hospital and Research Institute(P) Ltd,"No: 827, Poonamallee High Road",Tamil Nadu,Chennai,0,600010,0,0,0,0,0,0,0,0,enquiry@kkrenthospital.org,0,http://www.kkrenthospital.org/,0,0,0,0,0,0,0,0,0,0,0,0,0,0,0,0,0,0,0,0,0,0,33,603
24267,,"747, Poonamallee High Road",K.S.Hospital,"747, Poonamallee High Road",Tamil Nadu,Chennai,Kilpauk,600031,0,0,0,0,0,0,0,0,info@kshospital.in,0,http://kshospital.in/,0,0,0,0,0,0,0,0,0,0,0,0,0,0,0,0,0,0,0,0,0,0,33,603
24268,,"67/79, Choolaimedu High Road",Kummaran Eye Speciality Centre,"67/79, Choolaimedu High Road",Tamil Nadu,Chennai,Choolaimedu,600094,0,0,0,0,0,0,0,0,murugesankumaran@hotmail.com,0,http://www.kumaraneyecare.in/,0,0,0,0,0,0,0,0,0,0,0,0,0,0,0,0,0,0,0,0,0,0,33,603
24269,,"214, E.V.R.Periyar Salai, Poonamalee High Road, Periyar Salai",Kumaran Hospital Pvt.Ltd.,"214, E.V.R.Periyar Salai, Poonamalee High Road, Periyar Salai",Tamil Nadu,Chennai,Kilpauk,600010,0,7667088776,0,0,0,0,0,0,kumaranhospitals@hotmail.com,0,http://kumaranhospitals.com/Index.html,0,0,0,0,0,0,0,0,0,0,0,0,0,0,0,0,0,0,0,0,0,0,33,603
24270,,"No.15, P.S.Sivasamy Salai Road, P.S.Sivasamy Salai",Laksha Hospital,"No.15, P.S.Sivasamy Salai Road, P.S.Sivasamy Salai",Tamil Nadu,Chennai,Mylapore,600004,0,044 24997956,0,0,0,0,0,0,"admin@lakshahospitals.com, stemcell@lakshahospitals.com",0,http://www.lakshahospitals.com/,"General and Laparoscopic Surgery, Orthopaedic Surgery, Emergency and Critical Care, Psychiatry, Paediatrics, General Medicine, Obstetrics and Gynaecology, Anasthesiology, Nephrology, Urology, Neurosurgery, Cardiology, Pulmonology, Ophthalmology, Diet Counselling/Dietetics",0,0,0,0,0,0,0,0,0,0,0,0,0,0,0,0,0,0,0,0,0,33,603
24271,,No.121 G.N.Chetty Road,Laser and Laparascopic Hospital,No.121 G.N.Chetty Road,Tamil Nadu,Chennai,T Nagar,600017,0,0,0,0,0,0,0,0,info@drashokchennai.com,0,http://www.drashokchennai.com/,"Cosmetic and Plastic Surgery, Dentistry, Dialysis",0,0,0,0,0,0,0,0,0,0,0,0,0,0,0,0,0,0,0,0,0,33,603
24272,,"47/3, New Avani Roan, Kilpavk",Life Line Multi Speciality,"47/3, New Avani Roan, Kilpavk",Tamil Nadu,Chennai,Kilpauk,600010,0,0,0,0,0,0,0,0,enquiry@lifelinehospitals.com,0,http://lifelinehospitals.com/,0,0,0,0,0,0,0,0,0,0,0,0,0,0,0,0,0,0,0,0,0,0,33,603
24273,,"No.33/18, M.G.Road; 2nd Avenue,\nSasthri nagar","M N Eye Hospital Private Limited, Adyar","No.33/18, M.G.Road; 2nd Avenue,\nSasthri nagar",Tamil Nadu,Chennai,Adyar,600020,0,0,0,0,0,0,0,0,drchalini@yahoo.com,0,http://www.mneyehospitals.com/,0,0,0,0,0,0,0,0,0,0,0,0,0,0,0,0,0,0,0,0,0,0,33,603
24274,,"No.781, T H Road, Opposite Tondiarpet Police Station","M N Eye Hospital Private Limited, Tondiarpet","No.781, T H Road, Opposite Tondiarpet Police Station",Tamil Nadu,Chennai,Tondiarpet,600021,0,0,0,0,0,0,0,0,drchalini@yahoo.com,0,http://www.mneyehospitals.com/,0,0,0,0,0,0,0,0,0,0,0,0,0,0,0,0,"044 25956403, 044 25953594",0,0,0,0,0,33,603
24275,,"Ambattur Rotary Hospital, 1st Main Road, Ambattur Industrial Estate",Chamadhi Nethralayam Eye Hospital,"Ambattur Rotary Hospital, 1st Main Road, Ambattur Industrial Estate",Tamil Nadu,Chennai,Ambattur,600058,0,0,0,0,0,0,0,0,drchalini@yahoo.com,0,http://www.mneyehospitals.com/,0,0,0,0,0,0,0,0,0,0,0,0,0,0,0,0,0,0,0,0,0,0,33,603
24276,,"No.9, Kasi Viswanathan Street, Opposite To Ambika Theatre, Voc Nagar",Chamadhi Nethralayam Eye Hospital,"No.9, Kasi Viswanathan Street, Opposite To Ambika Theatre, Voc Nagar",Tamil Nadu,Chennai,Redhills,600052,0,0,0,0,0,0,0,0,drchalini@yahoo.com,0,http://www.mneyehospitals.com/,0,0,0,0,0,0,0,0,0,0,0,0,0,0,0,0,0,0,0,0,0,0,33,603
24277,,"No.878, Thiruvottiyur High Road, Theradi bus stop near",Chamadhi Nethralayam Eye Hospital,"No.878, Thiruvottiyur High Road, Theradi bus stop near",Tamil Nadu,Chennai,Thiruvottiyur,600019,0,0,0,0,0,0,0,0,drchalini@yahoo.com,0,http://www.mneyehospitals.com/,0,0,0,0,0,0,0,0,0,0,0,0,0,0,0,0,0,0,0,0,0,0,33,603
